driverId,name,ssn,location,certified,wage-plan
10,Mary Peters,323-49-0785,"52438 Sparks Circles Apt. 603
Nicholeside, SC 76040",N,hours
11,Kimberly Dennis,693-87-2121,"737 Lisa Centers Suite 405
Rachelside, SC 32112",Y,hours
12,Victor Mcdaniel,129-34-1421,"49091 Boyd Lodge Suite 151
Robertsland, HI 26604",N,hours
13,Julie Nunez,273-61-9794,"5230 Mills Locks
Kennethshire, GU 95500",N,hours
14,Amanda Hampton,245-16-3570,"01508 Anna Crossing Suite 577
East Sergioland, NC 45927",N,miles
15,Justin Williams,335-87-3822,"6586 Jones Mission Suite 214
Pattersonchester, DE 32943",N,miles
16,Jessica James,117-85-3770,"323 Sanders Mews Suite 059
North Sandra, MH 17973",N,miles
17,Jordan Peck,466-13-7598,"84417 Douglas Centers
Mckeeshire, OK 84496",N,miles
18,Kelly Reynolds,183-06-2294,"1876 Evans Camp Suite 823
Rebeccaborough, UT 08173",Y,miles
19,Robin Lewis,803-95-9036,"08819 Thomas Mountains
Kathyport, DE 84684",Y,hours
20,Alexander Bryant,400-22-3096,"1385 Kurt Fork Suite 529
Paynemouth, MH 59243",N,hours
21,Jennifer Cross,668-86-4470,"930 Julia Mountains Apt. 053
Williamtown, AZ 63096",Y,miles
22,Patricia Walls,476-60-6897,"91102 Jeremy Pike Suite 822
North Eric, KY 33324",N,hours
23,Robert Barker,354-28-3979,"2257 Michael Spurs
Coreyburgh, IN 69229",N,hours
24,Joshua Lee,612-02-3365,"9163 Hodge Courts
Jacksonside, PR 48686",N,miles
25,Laura Bowman,116-61-2543,"04482 Blackwell Hills
West Richardtown, OR 19591",Y,hours
26,Kenneth Hernandez,768-30-0771,"3638 Tammy Glen
Port Dawntown, AS 71737",Y,miles
27,Jonathan Mcbride,566-87-1779,"173 Francis Place
North Amyshire, AL 61646",N,miles
28,Scott Lawrence,555-80-9221,"39476 David Creek
Port Angelaport, ND 97687",Y,hours
29,Brittany Wade,332-54-6025,"695 Munoz Station Suite 062
Johnsonport, MA 94393",N,miles
30,Joel Ortiz,496-95-5848,"62737 Tammy Fords Suite 355
New Sharon, PA 40453",Y,hours
31,Kathryn Bailey,439-60-0688,"59385 Todd Forks Suite 585
North Sarahburgh, ID 78006",Y,miles
32,Mr. Kyle Davies,678-02-1063,"260 Calvin Road Apt. 934
Bakershire, IA 76906",Y,miles
33,Michael Deleon,706-24-3092,"3867 William Park Apt. 017
Aliciaport, AS 86981",Y,miles
34,Janet Kennedy,335-13-6932,"692 Jesse Throughway
Lake Danielland, NV 47732",Y,hours
35,Jennifer Pierce,572-51-8079,"361 Erin Dam Suite 134
Paulfort, PR 82933",Y,hours
36,Kiara Skinner,241-36-0304,"227 Joseph Port Suite 493
Hernandezfort, WV 41588",N,miles
37,Ana Phillips,155-14-2732,"9089 Dixon Ramp Suite 746
Lake Davidtown, IN 70335",N,hours
38,Kyle Sanders,730-87-3074,"USS Ferguson
FPO AP 75330",Y,hours
39,Peter Gonzalez,320-51-1128,"15811 Bradford Forest
Port Stacy, NM 40395",N,miles
40,Benjamin Moore,773-47-4096,"7341 Kennedy Valleys Suite 557
North Deborah, TX 63776",Y,hours
41,Albert Coleman,322-18-9130,"939 Lee Haven Apt. 972
Marybury, AR 16264",N,hours
42,Janet Jacobs,633-25-3534,"616 Samuel Wells Apt. 753
East Rebecca, DC 61871",N,hours
43,Lucas Hawkins,064-55-0919,"238 Fuentes Forges Suite 914
Port Williamborough, ID 44977",Y,hours
44,Thomas Miranda,672-67-9696,"0102 Hayden Mission
Haleyfort, MT 28952",N,miles
45,Denise Arnold,517-85-7031,"8359 Munoz Curve Apt. 141
Lake Nicholasview, MH 74799",Y,miles
46,Nicole Perkins,554-83-8299,"7627 Gibson Flat
West Sabrina, OK 34750",N,miles
47,Taylor Cooper,527-62-1071,"99283 Osborne Motorway Apt. 751
Gallagherfurt, WY 39400",N,hours
48,Mackenzie Williams,182-97-9312,"3318 Holly Forges
Port Lisatown, KS 49659",Y,miles
49,Isaiah Williams,261-58-6887,"8503 Mark Greens
Rosechester, ME 17527",N,hours
50,Thomas Davis,375-57-8561,"163 Huffman Field Apt. 554
North Michael, MS 48438",Y,hours
51,Vanessa Hunter,576-71-2998,"5648 Russell Forges Suite 391
Lake Tammy, PA 78374",N,miles
52,Sean Johnson,392-07-6766,"3779 Madeline Well
Martinezberg, MS 61796",Y,miles
53,Emma Clark,021-15-9686,"2744 Karen Knoll
Huntshire, GU 56737",N,miles
54,Lori Short,624-42-8977,"3435 Heather Walk
Robertchester, MS 42089",N,hours
55,James Shepherd,239-09-5552,"282 Amanda Course Apt. 661
Griffithborough, KS 37745",N,hours
56,Dorothy Jones,443-55-0299,"73444 Nguyen Lodge Apt. 004
New Alexander, MS 90034",N,hours
57,John Nelson,899-91-7861,"07528 Brian Spring Apt. 502
South Scott, UT 22663",Y,miles
58,Jonathan White,046-13-0412,"8326 Mejia Manor
East Donald, MD 13395",Y,hours
59,Kirsten Stone,552-38-0214,"934 Anderson Freeway Apt. 088
Lake Natalie, OK 15100",N,miles
60,Donna Murphy,249-52-0555,"USS Holmes
FPO AP 78262",Y,hours
61,Jason Adams,872-91-5896,"70691 Jessica Harbors
Peterfort, NE 16418",Y,miles
62,Ashley Kim,889-71-0790,"1452 Wade Rapids
South Eric, NE 61900",N,miles
63,Amanda Armstrong,800-81-4595,"USNS Lewis
FPO AE 77345",Y,miles
64,Amanda Thomas,538-65-8226,"7989 Hines Stravenue
North Jessica, VA 03393",N,miles
65,Michael Collins,629-33-9374,"10090 Jones Forge Apt. 847
Smithbury, LA 26490",N,hours
66,Daniel Harrison,404-05-5649,"5598 Don Plaza Apt. 238
Port Kaitlinberg, NM 16648",Y,miles
67,Adam Lambert,410-09-8589,"PSC 7291, Box 5555
APO AP 49147",N,miles
68,Lisa Lopez,617-07-0586,"1124 Corey Ways Suite 482
Fletchershire, CT 90551",N,miles
69,Christopher Mathis,594-35-3098,"252 Kimberly Crescent Suite 571
North Jacobview, OH 01551",Y,miles
70,Matthew Leblanc,304-70-7019,"268 Amanda Villages
Port Davidland, KY 95768",Y,miles
71,Daniel Munoz,498-37-2548,"64292 Jack Freeway Apt. 917
Lancebury, OH 84636",N,hours
72,John Hurst,433-06-8693,"546 Strickland Springs Suite 662
South Carrie, WA 98183",N,miles
73,Steven Cole,173-08-9928,"673 Lee Stravenue
North Krystalland, NV 17300",N,miles
74,Melissa Schwartz,240-29-1642,"Unit 8745 Box 0424
DPO AA 53055",N,miles
75,David Williams,607-09-0740,"833 Marsh Corners
Port Barbaraville, TX 43995",Y,miles
76,Charles Skinner,044-85-1212,"5283 Elliott Hills Suite 821
Wardborough, NC 39817",N,hours
77,Veronica Harris,586-28-1372,"774 April Gardens
Hobbsfurt, FM 88249",Y,miles
78,Sheena Braun,460-12-3423,"1855 Rocha Shoals Suite 233
Lake Wendy, CA 97183",Y,hours
79,Gloria Gutierrez,776-15-3111,"7627 Tyler Field Suite 894
Lake Brandontown, UT 57074",N,hours
80,David Morris,519-18-5138,"0067 Cathy Roads
Carterchester, CT 35897",Y,hours
81,Todd Reed,141-44-3549,"305 Joshua Pass
South Tammy, MS 25795",N,miles
82,Tanner Thompson,397-97-1876,"7781 Natasha Terrace
Port Darrenside, MA 90703",N,hours
83,Nathan Cunningham,810-85-6694,"19834 Morris Squares Suite 990
Port Robertoside, FL 32510",Y,miles
84,Lauren Davis,372-80-6263,"62391 Hubbard Coves Suite 475
Sharonborough, PW 65480",N,hours
85,Kathleen Williamson,116-72-6333,"605 Derek Crest
South Davidhaven, VI 19642",N,hours
86,Melissa Fuller,802-64-3961,"223 Valerie Mews Apt. 785
Robersonview, OK 40404",Y,hours
87,Chris Adams,218-49-5370,"73848 Luis Bridge Suite 245
South Joseph, AK 74916",N,miles
88,Amber Hall,272-87-9207,"94621 James Throughway
Bakerbury, NH 85649",Y,miles
89,Barry Howell,061-68-2235,"93943 Daniel Drive
South Lynn, PA 72895",Y,miles
90,David Bradley,187-86-1297,"886 Moreno Key Suite 627
Ramirezbury, MT 72693",N,miles
91,Sara Allen,234-26-3944,"82379 Timothy Ports Apt. 502
Port Christinehaven, CA 50275",N,miles
92,Stephanie Fuentes,398-43-8187,"99125 Richard Mountain Suite 249
Port Phyllis, CT 91337",Y,hours
93,Melissa Vincent,354-07-5316,"258 Jose Overpass Apt. 527
Timchester, NJ 27050",N,hours
94,Jacob Myers,045-38-9764,"17682 Jose Place Apt. 039
West Jeremyborough, AZ 06430",N,hours
95,Lisa Hicks,391-54-7053,"418 Claire Drive Apt. 991
East Jameston, NJ 60672",Y,hours
96,Richard Green,822-39-8332,"47921 Mary Loop
Michaeltown, MP 37750",N,hours
97,Mariah Barnes,703-78-0271,"89416 Higgins Green
South Rachael, OK 12016",N,miles
98,Keith Wells,532-56-7670,"PSC 4062, Box 4928
APO AE 32422",Y,hours
99,George Juarez,693-23-9652,"118 Cindy Inlet Suite 898
Port Ashleyburgh, IA 47672",Y,miles
100,Christopher Rodriguez,290-40-3724,"539 Tanner Camp Apt. 950
Lisachester, MO 27714",Y,miles
101,Robert Hess,683-82-6999,"3860 Brittney Valleys
Colemanfort, MI 04206",N,miles
102,Michael Mcconnell,371-75-7613,"610 Garcia Motorway Suite 839
Fowlerhaven, TX 03721",Y,miles
103,Darrell Gonzalez,389-14-1604,"69915 Christine Falls Apt. 955
Williamfort, AL 54461",N,hours
104,Alexandra Bond,103-66-5684,"34727 Snyder Freeway Suite 277
Lake Connieshire, OH 34706",Y,hours
105,Corey Duke,246-71-0446,"632 Diana Courts Apt. 870
Port Tonya, NH 45604",N,hours
106,Kim Williams,625-89-6414,"297 Hensley Groves Apt. 273
Angelabury, NE 88781",N,hours
107,Jose Martinez,585-63-5602,"950 Elizabeth Turnpike Apt. 144
Johnton, MI 25648",N,miles
108,Michael Mckay,068-58-2412,"54406 Kelly Radial Apt. 377
North Jeffrey, LA 35375",Y,miles
109,Cindy Shelton,061-40-4143,"0696 Briana Wall Apt. 945
Claytonmouth, GA 85916",N,hours
110,Paul Baker,187-25-7955,"6875 Williams Cape Suite 662
New Brian, SC 57078",Y,hours
111,Matthew Allen,485-72-7614,"077 Murphy Isle
North David, RI 24770",Y,miles
112,Thomas Eaton,068-87-3605,"425 Reeves Streets
Gregoryport, CA 05727",N,hours
113,Amber Robinson,075-27-4225,"510 Hayes Lake Suite 313
Tarafort, UT 53207",N,miles
114,Randall Johnson,315-58-5505,"6819 Cantrell Pike
Taylorshire, FL 04803",N,miles
115,David Kennedy,018-95-8950,"17557 Timothy Extension
Alexanderborough, OH 44690",N,miles
116,Mr. Tim Meza Jr.,702-13-6985,"69215 Carter Corners Apt. 832
Seanmouth, MH 12322",Y,miles
117,Thomas Bailey,559-84-0123,"156 Joshua Mount
North Shirley, NE 39333",Y,miles
118,Jasmine Miller,893-54-8830,"61082 Lori Plains
Ashleyside, FM 71655",Y,miles
119,Joshua Washington,263-82-7157,"975 Mckay Terrace Suite 516
Lake Alec, MD 27398",N,miles
120,Lori Jefferson,543-64-8660,"547 Fisher Islands Apt. 716
Scottport, IN 46684",Y,miles
121,Charles Henderson,279-13-7874,"97151 John Gateway
Christinashire, IN 36860",N,miles
122,Jeremy Austin,610-16-6592,"53147 Ruiz Avenue
Lake Ashleybury, KY 27503",Y,miles
123,Miss Ashley Thompson,874-78-3876,"2493 Mccann Park Apt. 144
Leeshire, TX 97531",Y,miles
124,Kathleen Baker,264-31-0915,"038 Gina Fords Apt. 729
Rebeccabury, NH 55510",N,miles
125,Timothy Henry,005-88-5651,"7449 Young Station Suite 208
New Jennifershire, NY 92928",N,hours
126,Traci Scott,543-72-3315,"189 Mckenzie Radial Apt. 633
Port Miguel, AL 27653",N,miles
127,Jeremy Day,147-36-7525,"2089 Tracy Extensions
North Kerry, FL 56270",N,hours
128,Shawn Ramos,623-95-9866,"09969 Brittany Course
Lake Erica, SD 20136",N,hours
129,Cheryl Smith,194-81-3232,"0201 Charles Streets
Lake Daniel, VT 47810",N,miles
130,Dana Hicks,451-58-5538,"806 Kayla Inlet Apt. 139
North Tonyaville, ND 45672",Y,hours
131,Anthony Wood,427-60-1666,"91431 Tony Pike Apt. 322
Davilashire, GA 40018",N,miles
132,Alexander Pace,647-53-3620,"0448 Jackson Route Apt. 342
Jacksonside, VI 80263",N,miles
133,Allison Dominguez,681-96-4194,"3385 Grace Forks Suite 533
West Andre, NM 08760",Y,miles
134,James Martinez,473-76-8106,"USNS Evans
FPO AP 89718",N,miles
135,Robert Williams,749-94-1230,"2720 Matthew Plaza Apt. 948
Lake Jeffrey, IA 18244",Y,hours
136,Brett Vincent,053-71-2897,"04384 Roberts Way Suite 658
North Heather, TX 62358",N,miles
137,Arthur Tran,702-23-4436,"5149 David Loop Suite 962
South Bobbymouth, AS 12376",Y,miles
138,Elizabeth Walton,224-71-3759,"47922 Erica Rapid Suite 723
Donaldfurt, AL 51715",Y,miles
139,Rebekah Adams,418-28-6318,"926 Smith Drive Apt. 219
Jonathanmouth, CT 24977",Y,hours
140,Anthony White,530-09-9542,"81790 Young Cove Suite 475
New Matthewton, FL 69035",N,hours
141,Sonya Williams,349-85-4410,"95814 Hector Village Suite 081
Gloverland, NV 14273",N,miles
142,John White,755-05-7685,"35324 Anthony Plaza
Port Lindamouth, MH 46277",Y,miles
143,Tracey Jones,515-08-8197,"065 Heather Camp Apt. 575
Port Shelia, VT 34016",N,hours
144,Amy Shaw PhD,315-54-1295,"27712 Glenda Tunnel Suite 409
South Anthonyshire, DC 75459",N,miles
145,Timothy Rice,392-09-1779,"007 Raymond Lane Suite 374
North Jimmymouth, LA 22190",N,miles
146,Stephanie Smith,462-87-3106,"0115 Lance Points
North Josephstad, CO 66365",Y,hours
147,Jonathan Cooper,447-13-4591,"USNS Cervantes
FPO AA 57046",Y,hours
148,Emily Washington,732-20-1544,"54869 Haley Creek Apt. 472
Port Brenda, KS 30271",N,miles
149,Jessica Nichols,050-98-0495,"499 Allen Loop Suite 437
Mcgeeberg, NE 96302",N,miles
150,Samantha Miller,622-68-2372,"105 Henderson Junction Suite 005
Rodriguezmouth, MN 24645",N,hours
151,Vanessa Oliver,220-11-0064,"156 Morton Court Apt. 923
Smithmouth, AL 25202",N,miles
152,Bianca Russell,092-06-2271,"730 Mcguire Mountain Apt. 170
South Ashley, LA 49084",Y,hours
153,Joel Wright,646-97-4689,"7957 Bell Fork Apt. 282
Karenmouth, MN 91621",Y,hours
154,Ronald Wilson,021-12-5362,"64145 William Creek
Lake Ronald, NE 70376",N,hours
155,Katrina Clark,804-37-2264,"990 Jones Springs
North Stevenshire, OH 52122",N,hours
156,William Ortiz,179-49-4694,"159 Angela Pines
Ortizside, AR 89560",Y,hours
157,Steven Branch,794-49-1375,"6481 Walton Mall Apt. 992
Tonyafort, SC 45096",N,miles
158,Sarah Anderson,244-78-5681,"413 Mccarthy Burgs Apt. 612
Paulmouth, WI 04407",N,hours
159,Dustin Clark,747-93-4408,"61898 Gordon Island
North Victoriamouth, MA 34660",Y,miles
160,Taylor Mclaughlin,561-10-0563,"PSC 2377, Box 9317
APO AP 40962",N,hours
161,Timothy Kim,655-82-2292,"456 Johnson Road
Johnport, RI 42111",Y,miles
162,Alejandro Mcneil,196-15-3336,"USNV Hayes
FPO AE 03397",Y,hours
163,Kelly Greer,849-12-5597,"974 Brown Port Apt. 925
West Maria, NE 91432",N,miles
164,Timothy Stewart,072-26-3045,"3844 Adam Falls Apt. 392
North Brandon, NY 34889",Y,miles
165,Chris Bates,420-74-9589,"3010 Michael Park
Scottport, NV 24023",Y,miles
166,Casey Allen,223-62-1096,"871 Hoover Island Apt. 236
Ortizton, AL 51306",N,hours
167,Patricia Thompson,102-78-9238,"USS Webb
FPO AE 19958",N,miles
168,Amanda Smith,027-36-9397,"767 Tommy Falls
Lake Brandonmouth, HI 35688",N,miles
169,Charles Moore,554-05-4081,"71492 Williamson Key Apt. 586
South Samantha, MD 62505",N,miles
170,Jennifer Garcia,629-59-4502,"789 Derrick Mountains Apt. 844
Mclaughlinbury, WY 66556",N,hours
171,Tonya Becker,233-17-1888,"379 Jackson Mall Suite 359
Meyerburgh, WV 75381",Y,miles
172,Kimberly Mendez,620-74-4478,"158 Mcgee Junctions
New Kimberlymouth, CA 85560",Y,miles
173,Dale Castillo MD,115-42-0043,"USNV Warren
FPO AP 65050",Y,miles
174,Cameron Palmer,663-11-9704,"8891 Todd Wells
Kristinland, IA 26797",Y,miles
175,Ryan Gilbert,616-28-6189,"Unit 0546 Box 5897
DPO AP 58041",Y,miles
176,Alejandra Vega,766-95-2671,"653 Garcia Turnpike Apt. 571
New Williamstad, DC 95731",Y,miles
177,Lori Walker,651-69-0498,"638 Garcia Port Apt. 731
Acevedostad, OR 06359",Y,hours
178,Emily Collins,198-13-6771,"2843 Smith Glens Apt. 007
South Amyville, SC 02385",N,miles
179,Nancy Mccoy,468-54-2749,"USCGC Mcfarland
FPO AE 21895",Y,hours
180,Jeremy Fisher,123-92-0167,"784 Lauren Isle
Lorettachester, MH 07907",Y,hours
181,Melanie Morgan,322-98-2313,"596 Sparks Passage Suite 308
South Erinfort, AR 12051",N,hours
182,Heather Parker,690-97-2283,"3422 Griffith Plaza
Lake Emilychester, OK 64188",Y,miles
183,Connie Warner,479-54-3380,"144 Johnson Stream Apt. 622
East Shirleyland, CO 35126",N,hours
184,Dr. Kenneth Jennings,148-32-7781,"107 Audrey Mountain Suite 697
Lake Claudia, CO 22022",Y,miles
185,John Wilson MD,286-91-7299,"6099 Lopez Port
Batesmouth, NH 01637",Y,miles
186,Nicole Ramos,489-51-1004,"11540 Lopez Orchard
Port Kimberly, SD 74926",N,miles
187,Kristine Nash MD,724-94-2852,"114 Katherine Track Suite 591
Brittneymouth, AS 50104",N,miles
188,Patricia Hall,491-64-7062,"281 Heather Ports Apt. 179
East Daniel, CO 18801",N,miles
189,Tiffany Jones,094-46-2840,"76582 Judith Gateway
Barbaraland, NE 10486",Y,hours
190,Sheila Duncan DVM,895-63-6560,"90234 Jo Dale Suite 882
Whitebury, MP 74249",Y,hours
191,Kimberly Gonzalez,796-55-4522,"0831 Weaver Garden Apt. 077
Port Brianville, RI 48171",N,hours
192,William Wilson,799-44-2985,"14984 Barnett Locks
Rhondatown, RI 12440",N,miles
193,Kelly Mendoza,455-59-2568,"815 Wilson Cliffs
New Mary, OR 29694",Y,miles
194,Dorothy Harper,846-05-0646,"2667 David Alley Apt. 213
Port Markside, KY 54992",N,hours
195,Darren Jenkins,831-70-1626,"43358 Monique Mount Apt. 829
Lake Valerie, LA 81837",Y,miles
196,Tammy Carter,200-90-8903,"885 Brian Brook
Lake Jennifermouth, PW 18698",Y,miles
197,Taylor Ray,399-48-3846,"33122 Chapman Island Suite 892
Smithshire, PA 89804",Y,miles
198,Frances Blankenship,899-72-6848,"92316 Mcdonald Gateway
North Tyronetown, KS 15095",N,miles
199,Amanda Campos,758-41-9106,"75133 Perez Cove Apt. 197
Youngfort, UT 37825",N,hours
200,Richard Rowe,663-39-9265,"0533 Scott Well Apt. 516
Angelamouth, PA 94900",N,hours
201,Barbara Levy,278-90-7059,"8884 Owens Via Suite 028
North Robertville, SC 72517",N,hours
202,Brooke Walter,518-79-0225,"8187 Freeman Valley
Villegasbury, OK 66497",N,miles
203,Keith Black,612-44-2140,"29474 Carla Parkways
Lyonstown, AL 78034",Y,miles
204,Jerry Walker,314-99-3957,"14772 Timothy Mall Suite 449
Lake Valerie, LA 72966",Y,hours
205,Courtney Scott,674-71-7903,"850 Nelson Isle
East Randy, SC 74126",N,hours
206,Alicia Carroll,492-08-6586,"431 Kelsey Branch
Terryside, NV 86888",N,miles
207,Sarah Collier,354-97-2229,"10749 Hansen View
Angelaland, AR 08648",N,miles
208,Timothy Robinson,505-50-6623,"546 Long Crossroad Apt. 901
South Christopher, NH 38239",N,hours
209,Jason Reese,773-78-2949,"6503 Molina Fords Suite 012
Myersside, ND 64378",Y,hours
210,Kristine Snyder,843-06-1912,"21964 Paige Place Apt. 372
Bradleyville, WA 35999",N,hours
211,Elizabeth Dawson,167-97-8614,"85787 Jonathan Fork
Christopherberg, KS 12496",N,hours
212,James Scott,655-47-4909,"5106 Gross Parkway Suite 722
North Natashatown, HI 09384",Y,miles
213,Kayla Crawford,882-18-1971,"PSC 4723, Box 4275
APO AE 56458",Y,miles
214,Jared Watson,009-12-3624,"785 Wong Rapids Apt. 227
Thomasview, WY 94861",N,miles
215,Christopher Thomas,320-50-6267,"66441 Linda Glen
Port Meaganbury, MI 71464",N,hours
216,Kristen Contreras,463-45-0952,"5356 Carter Landing
Port Carolton, ME 76124",N,miles
217,Angela Stuart,614-79-2312,"40411 Reynolds Island Apt. 785
South Rachael, IA 70388",N,hours
218,Carol Cole,170-69-7761,"2215 William Station Suite 322
Katieview, AS 89296",N,miles
219,Louis Anderson,656-62-7467,"517 James Rest
Holtfurt, AZ 76249",Y,hours
220,Linda Bruce,827-99-9120,"USS Mcknight
FPO AA 67572",Y,hours
221,Amanda Thomas,553-66-6280,"979 Nguyen Village Apt. 601
Cesarbury, SD 47781",N,miles
222,Kim Miles,695-58-4299,"835 Meza Lodge
Kevinshire, VI 29864",N,miles
223,William Hodges,856-66-6609,"6174 Morgan Landing
East Regina, MD 93673",Y,hours
224,Fernando Garcia,112-83-0353,"584 Wesley Locks
Robinsonberg, IL 52640",Y,hours
225,Gary Freeman,690-16-5840,"0712 Tyler Pine
South Corybury, KY 01346",Y,miles
226,Stephen Lamb,581-08-4658,"5042 Barry Isle Apt. 395
South Juliehaven, ND 28508",Y,hours
227,Brian Smith,234-45-9693,"11367 Taylor Fields
New Jamieborough, WY 13419",Y,miles
228,Debra Wong,709-42-5157,"2818 Sosa Ranch
Kevinbury, HI 63640",Y,hours
229,Rachel Oconnor,628-43-1550,"2742 Lori Ville
Tylertown, NH 19542",Y,hours
230,Eric Moore,779-51-2050,"27159 Elliott Squares
South John, KY 37554",Y,miles
231,Nicholas Edwards,551-37-0778,"71993 Leah Forest
South Zachary, MP 87280",N,miles
232,William Spence,743-59-8404,"045 Phillips Field Apt. 583
Lake Monique, GU 30053",N,hours
233,Laura Coleman,409-39-2151,"246 Cook Knolls Suite 886
Leton, HI 48328",N,miles
234,Joseph Thompson DVM,107-12-5505,"35773 Huff Drive
Michellestad, TN 51085",Y,hours
235,Jesse Robinson,759-17-5774,"086 Boone Ville Suite 818
Robertsview, NH 79804",Y,miles
236,Jill Kennedy,841-25-1141,"6825 Casey Inlet
Maryfort, WY 88741",N,miles
237,Lauren Webb,246-94-5536,"905 Brown Trail Apt. 049
Harrisborough, GU 42291",N,hours
238,Matthew Lopez,627-33-5062,"969 Salazar Field
New Richard, MD 80257",N,hours
239,Jessica Williams MD,601-18-2039,"9341 Hubbard Square Suite 992
Port Gerald, NJ 50311",N,miles
240,David Ferguson,030-13-6593,"504 Hampton Drives
Johnside, VA 20583",N,miles
241,Michael Valencia,864-59-6590,"8870 Bennett Brooks Suite 934
West Crystalfort, DC 62198",Y,miles
242,Kelly Wells,170-59-5205,"7992 Roy Mills Apt. 050
Port Jasonchester, PA 28729",N,miles
243,Theresa Garcia,715-90-5668,"43768 Christopher Meadows Apt. 248
Michaelshire, PA 87645",N,miles
244,Elizabeth Howard,180-23-3038,"403 Shaffer Island Apt. 328
Daltonborough, OK 92022",N,hours
245,Patricia Pope,346-08-1234,"9739 Hannah Oval
Burnsville, IN 61294",N,miles
246,Joshua Russo,591-41-6540,"96933 Darryl Pike Suite 847
Rodneymouth, KY 23660",Y,hours
247,Joshua Poole,646-24-3900,"974 Calvin Road
Kentside, MI 66763",N,hours
248,Mark Ortiz,411-51-6462,"996 Dawson Manor
Cantufort, IL 13930",N,hours
249,Ricardo Ray,686-15-4915,"57138 Francisco Dale Suite 097
Lisaview, LA 45062",Y,hours
250,Kristin Jones,341-92-8211,"26112 Harrison Way
Lake Kimberly, IA 58718",N,hours
251,Lindsey Lewis,109-93-7843,"61822 Graham Coves Suite 348
Port Rachel, MA 91203",Y,hours
252,Christian Rios,290-79-2588,"1938 Kristi Pines
Shermanchester, VA 65600",Y,hours
253,Angela Perez,695-95-6878,"9782 Amy Stravenue
Rachelfurt, AR 53153",Y,miles
254,Brian Brown,019-35-3300,"42062 Benjamin Neck Apt. 640
North Christopherport, DE 12323",N,hours
255,Ryan Knight,087-79-3673,"PSC 9085, Box 1757
APO AA 22649",Y,miles
256,Michael Henry,470-61-4690,"658 Jacobs Mall
Schneiderview, ME 50472",Y,miles
257,Michael Smith,750-09-9203,"728 Young Field
North Robertborough, NE 49611",Y,hours
258,Chad Stephens,393-73-4005,"0945 Kayla Ramp Suite 994
Georgeville, WI 59080",Y,miles
259,Whitney Stewart,055-28-6339,"75466 Tina Tunnel Apt. 782
Brandonbury, GU 73182",N,hours
260,Harold Brown,398-26-6285,"37440 Werner Crest
Sheltonport, NE 13432",N,miles
261,Michael Bennett,644-75-4894,"05240 Edward Trail Suite 980
South Jameshaven, HI 00864",N,miles
262,Chad Obrien,580-82-9180,"6931 Brian Valleys Suite 152
East Jamesside, VT 39988",Y,miles
263,Mark Taylor,679-80-3313,"634 Collins Light
North Jamesview, OK 98647",N,miles
264,Robert Wilson,136-09-9922,"08366 Scott Canyon
Amberfurt, CO 14094",N,hours
265,Richard Rose,756-26-3101,"96648 Sean Walks
Johnsonmouth, KS 99708",N,miles
266,Kevin Tran,566-17-8952,"98711 Alexis Cliff
Kingville, IA 81069",Y,miles
267,Michael Tapia,110-28-0308,"7672 Ryan Road
Richardsonview, AK 62177",N,miles
268,Olivia Rogers,010-93-0210,"5929 Stewart Stravenue Suite 449
Barnettton, LA 15896",N,hours
269,Linda Logan,163-90-4617,"8594 Deborah Mount
Port Lisatown, AL 20834",N,hours
270,Joshua Bell,781-08-0336,"71437 Tyler Well
South Sydney, GA 23472",Y,hours
271,Travis Summers,131-50-6025,"789 Lang Court Suite 624
West Jose, MT 72220",N,hours
272,Dr. Martin Jensen DDS,051-49-9292,"USS Rose
FPO AP 85985",Y,miles
273,Julian Wilson,226-79-7190,"841 Jackson Islands
East Cynthiamouth, VT 54954",N,miles
274,Daniel Whitehead,113-59-4585,"1470 Richard Island Suite 881
East Jill, IL 55763",N,hours
275,Casey Hernandez,198-27-4419,"478 Deborah Mission
East Danastad, HI 54543",Y,miles
276,Julie Oconnor,535-19-3576,"27062 Jeremy Estates Suite 426
Conradmouth, WA 91252",N,miles
277,Selena Williams,118-66-9638,"2019 Wong Manor Suite 811
North Jessicaberg, NE 33689",Y,hours
278,Arthur Beasley,352-76-7132,"6950 Mark Knoll
Stephanieton, AL 60834",N,hours
279,Anthony Andersen,283-07-8404,"6301 Evelyn Station
Loriview, AZ 40375",N,miles
280,Mr. David Wilson DVM,132-41-3107,"22825 Green Plain Suite 738
Rollinsfurt, DE 54356",N,hours
281,Bill Diaz,810-04-1763,"USNS Dickerson
FPO AP 33963",N,hours
282,Kathy Ward,217-16-7581,"456 Chelsea Shoals Suite 260
East Alisha, AS 97454",Y,hours
283,Derrick Owens,174-56-4286,"35296 Amanda Mill Apt. 486
North Danielshire, NH 71651",N,miles
284,Kimberly Nichols,639-48-5756,"96282 Mccann Run
Port Tracy, PW 97589",N,hours
285,Bryan Vasquez,403-94-0893,"41968 Ashley Burg
South Matthewtown, MT 95946",N,miles
286,Ebony Martinez,304-63-9146,"USNV Summers
FPO AP 07448",Y,hours
287,William Coleman,895-67-1319,"Unit 2706 Box 4068
DPO AP 32906",N,hours
288,Julie Hill,816-27-1964,"016 Rodriguez Forge Suite 102
Horneshire, MD 06521",Y,hours
289,Sheena Stevens,735-90-8314,"28518 Rivera Isle
New David, KS 75582",N,hours
290,Shelly Tucker,472-68-4369,"PSC 4620, Box 6312
APO AP 65177",N,hours
291,Stacy Espinoza,202-43-0874,"5354 Brandon Square Suite 303
Lake Thomas, WV 59358",Y,hours
292,James Roberts,692-47-8205,"3145 Jacob Creek
Port Frank, IN 32250",N,hours
293,Tammy Alexander,034-72-3315,"Unit 7579 Box 9246
DPO AP 19042",N,hours
294,Todd Bell,391-48-9095,"Unit 4107 Box 8458
DPO AP 44434",N,miles
295,Sarah Rivers,290-15-4898,"USNV White
FPO AA 68951",N,hours
296,James Wilson,517-67-3774,"PSC 7577, Box 6858
APO AP 40591",N,hours
297,Nicole Nelson,055-70-0738,"690 Tammy Inlet
Hayesborough, WY 60029",Y,miles
298,Laura Watts,467-47-0313,"199 Hart Green Apt. 896
Lake Jorge, NH 54670",Y,hours
299,Tina Douglas,708-72-6341,"255 Sarah Lodge Suite 076
Lake Robertton, CT 30335",N,hours
300,Nicholas Roy,292-88-4665,"665 Thomas Knoll
Olsonshire, GA 61233",Y,hours
301,Michael Grant,691-14-4896,"395 Tracy Way Apt. 416
Camachoview, VA 16726",N,miles
302,Curtis Stephens,058-96-9637,"477 Evans Prairie
North Stephaniehaven, IL 77776",Y,miles
303,Nicholas Griffin,218-49-7898,"06494 Morrison Loop
Lauraborough, FL 95961",N,miles
304,April Grant,629-74-3148,"575 David Shore
Davidville, DC 14507",N,miles
305,Mackenzie Harper,475-97-8369,"5057 Jenkins Club
Simonton, MT 12727",Y,miles
306,Jeffrey Marquez,393-92-7230,"4296 Eric Throughway
New Maryview, CO 67208",N,hours
307,Andrew Fields,182-98-1865,"07238 Lauren Mill Apt. 365
Lynnbury, MI 40552",N,hours
308,Emily Castillo,673-10-9221,"9288 Green Shores
Annaview, VA 84851",N,hours
309,Henry Pugh,070-43-8100,"7597 Roth Corners Suite 946
Guzmanberg, NV 37557",Y,hours
310,Sandra Lawrence,601-82-6619,"6317 Shawn Hill
South Jessicabury, AK 91873",Y,miles
311,Steven Flynn,342-45-2559,"0452 Lynn Villages
Laurenport, TN 59358",N,miles
312,Robert Ellis,797-62-7109,"131 Small Extension
Samanthatown, MH 31893",Y,hours
313,Brianna Harris,430-97-6587,"32510 Taylor Corners Apt. 536
Bakerbury, GA 80055",Y,hours
314,Taylor Moran,008-81-8463,"931 Mario Garden
Bondberg, MT 71955",Y,miles
315,Michael Smith,848-73-6266,"409 Nicholas Drive
East Mark, MT 81391",N,miles
316,Angela Frazier,396-07-3988,"70275 Reynolds Extensions
Martinland, RI 19832",Y,hours
317,Amanda George,187-57-8231,"27413 Stephens Springs
Fergusonville, AR 92115",N,hours
318,Keith Marsh,018-03-6807,"06771 Amy Manor Suite 841
Denisemouth, MS 88670",Y,miles
319,Erin Miller,446-01-3130,"056 Henry Radial Apt. 521
Lake Andrewland, GU 81780",N,miles
320,Caleb Salazar,469-32-7004,"PSC 6479, Box 5010
APO AE 77953",N,hours
321,Lorraine Davis,411-34-5339,"98805 Justin Crossing
Selenastad, IN 95087",N,hours
322,Roberto Byrd,007-48-7771,"993 Evans Cape Suite 486
Alexistown, UT 45851",N,hours
323,Kimberly Preston,543-79-1966,"78142 Lara Centers Apt. 946
Hannahville, MN 22919",N,miles
324,Laura Tran,701-38-2115,"0422 Thompson Locks
Davidburgh, UT 63566",Y,miles
325,Haley Fisher,147-70-1769,"USNS Rodriguez
FPO AP 91735",N,miles
326,Charles Bernard,005-91-3088,"5664 Sampson Manor Apt. 076
Lake Heatherview, MS 66443",N,hours
327,Katherine Shaw,166-28-0731,"49485 Jessica Dale
New Holly, NM 37894",Y,hours
328,Brandon Gilbert PhD,326-84-4978,"46684 Martinez Garden
West Amyhaven, MT 25861",Y,miles
329,Dr. Steven Roman,032-47-0842,"0227 Christopher Greens
Williamport, AK 31812",Y,hours
330,Michael Green,033-23-9241,"9522 Ramos Points Suite 289
Vasquezhaven, CO 18206",N,miles
331,Jose Butler,112-43-9647,"9546 Timothy Port Apt. 410
Beardton, UT 02511",Y,hours
332,Kelsey Carroll,351-68-0181,"037 Emily Drives Suite 533
Rachelland, MP 07470",Y,miles
333,Kathryn Lopez,044-04-8499,"2943 Harvey Cliff Apt. 282
East Rebekah, HI 42965",Y,miles
334,Cory Mitchell,099-94-1247,"06761 Shepard Turnpike
Lawsonbury, WI 57463",Y,miles
335,Jennifer Harrington,310-74-7130,"9328 King Common Suite 532
North Evanfurt, VA 10892",N,miles
336,James Little,053-52-0485,"00236 Brown Vista
Powellton, ME 61872",Y,hours
337,Douglas Miller,052-44-9924,"9027 Brittany Squares
Lambview, SC 46724",Y,miles
338,Lori Kelley,639-32-8950,"067 Adams Track Apt. 009
Andrewview, WA 99666",N,miles
339,Jason Brown,563-74-5372,"716 Leblanc Square
North Sherri, DC 24268",Y,miles
340,Victoria King,459-34-2883,"652 Kevin Stravenue Suite 862
Crystalmouth, VI 69176",Y,hours
341,Marilyn Stephens PhD,821-24-3666,"549 Lisa Gardens
Lake Alexandriaberg, WI 43391",N,miles
342,David Diaz,140-34-7143,"PSC 3497, Box 5140
APO AE 15062",N,miles
343,Michael Nguyen,542-05-1444,"0120 Coleman Fort Apt. 542
New Mark, AS 67581",Y,hours
344,Michelle Martinez,045-69-3102,"46387 Chelsea Glens Suite 766
North Samantha, LA 03384",N,miles
345,Kimberly Peters,178-42-4002,"930 Terry Lights Suite 130
Wardshire, NC 72200",Y,miles
346,John Horton,780-70-0682,"40001 Christina Parkway
Mayhaven, NC 23220",Y,miles
347,Derek Nelson,493-92-7909,"652 Suzanne Brooks
Sheilaport, MT 08342",N,hours
348,Nancy Walker,411-57-6970,"438 Hines Manor Suite 253
West Ashley, MS 13603",N,miles
349,Dustin Thompson,611-87-5163,"656 Daniel Plaza Suite 963
North Antonioville, NJ 69510",N,hours
350,Johnathan Taylor,013-69-5742,"39106 Miller Prairie Suite 743
Wernerville, MD 25775",Y,hours
351,Tiffany Moore,827-15-1602,"76873 Castro Highway Apt. 987
Michaelburgh, WY 43324",Y,hours
352,Max Hernandez,102-69-6344,"4516 Fritz Court
Nicholsville, AZ 69327",Y,miles
353,Jessica Hartman,030-78-7976,"14161 Evan Corner
Reedside, VT 68331",N,miles
354,Chelsea Johnson,823-76-2774,"849 Eric Rapids
Monicaside, NE 14695",N,miles
355,Carol Hill,387-46-0781,"080 Anthony Drives Suite 066
Vincentland, ID 25498",N,hours
356,Chloe Hardin,546-52-8325,"2220 Henderson Skyway Suite 768
Ginabury, IN 28257",Y,hours
357,Sara Khan,277-34-7436,"24283 Scott Island Suite 351
Maddenmouth, DC 32841",Y,hours
358,Jerry Anthony,092-09-7178,"5958 Rodney Springs
Cindyburgh, KS 07440",N,hours
359,Jillian Davis,896-02-7295,"471 Jones Isle
New Michael, DE 97177",Y,miles
360,Richard Boyd,746-40-7767,"PSC 7117, Box 6167
APO AP 34584",N,miles
361,Taylor Williams,630-19-4571,"5826 Karen Skyway
Whiteton, WA 18071",Y,miles
362,Kyle Wise,185-06-2755,"2137 Garcia Drive
Ericstad, CA 86900",Y,miles
363,Madeline Hayes,488-90-9205,"2605 Perry Ferry Apt. 067
Brooksstad, SC 82479",Y,hours
364,Tracy Herrera,421-91-9757,"3815 White Plains Suite 503
South Keithburgh, NE 14146",Y,hours
365,Connie Carr,268-35-1513,"PSC 8766, Box 2864
APO AE 30402",N,miles
366,Julie West,618-16-1018,"USCGC Clark
FPO AA 64826",N,hours
367,Anthony Johnson,085-39-8346,"468 Villarreal Trafficway Apt. 798
North Rebeccaview, PW 62832",N,miles
368,Heather Peters,388-55-6031,"Unit 1215 Box 6568
DPO AE 24335",N,hours
369,Rita Bowman,563-10-7055,"1453 Travis Loop Suite 694
South Ricky, VT 83710",N,hours
370,Timothy Mathis,430-10-9472,"87377 Deanna Creek Apt. 189
South Sarah, LA 90240",N,hours
371,Rebecca Parker,807-66-4977,"77494 Troy Camp Apt. 133
West Stephanietown, NJ 87613",Y,miles
372,Mike James,323-17-2077,"783 Gilmore Village
East John, AS 19442",Y,miles
373,Darrell Harding,748-64-2933,"USS Stokes
FPO AP 21925",Y,miles
374,Connor Knox,681-90-2083,"34163 Moss Rest
North Amberton, SD 53496",N,hours
375,Melissa Cook,872-35-3161,"30016 Hernandez Springs
Port Elizabeth, NY 54324",N,miles
376,Alexis Smith,014-95-8576,"1975 Jackson Village
Brownfort, RI 06689",N,miles
377,Kelly Lawrence,870-56-0451,"881 Bell Harbors Suite 334
Huangberg, WI 25473",Y,miles
378,Jorge Gomez,543-38-6659,"9926 Cheryl Prairie
New Amymouth, NY 10896",Y,hours
379,Melissa Parker,387-82-2147,"15010 Cobb Islands
Matthewmouth, AL 95195",N,hours
380,Andrew Dickson,128-24-5960,"0837 Carson Corner
New Robertview, MH 89609",Y,hours
381,Nancy Sullivan,105-33-5682,"PSC 0053, Box 3106
APO AA 78714",Y,miles
382,Laura Malone,270-12-2527,"07407 Jason Mall
Port Nancyfurt, MT 04776",N,hours
383,Brenda Lee,056-28-1556,"9155 Brandon Radial
South Christinefort, SC 04670",N,hours
384,Brandon Mckinney,875-29-9171,"76995 Kimberly Track
Melissafurt, WV 11737",Y,miles
385,Sandra Thompson,688-35-7790,"17020 Wagner River Suite 346
Jamesfort, FM 58826",Y,miles
386,Edward Scott,814-25-7718,"PSC 3102, Box 8511
APO AE 73551",N,hours
387,Hayley Valencia,569-85-0422,"100 Jennifer Wall
Shawbury, MO 13263",N,hours
388,Stephanie Simon,828-79-4106,"6471 Nathan Square Suite 563
Amyport, TX 02223",N,hours
389,Mary Howell,548-98-7884,"708 Delgado Vista Suite 101
Paulahaven, NJ 92322",Y,miles
390,Amy Espinoza,885-86-5229,"3199 Henry Key
West Ericamouth, KS 80009",N,miles
391,Brenda Reynolds,754-69-9585,"93653 Trevor Cliffs
North Elizabeth, WV 98488",Y,miles
392,Daniel Austin,664-48-1937,"Unit 8044 Box 2419
DPO AE 29938",Y,miles
393,Madeline Brown,866-43-0287,"4875 Miller Crossing
Courtneyshire, AZ 12613",N,miles
394,Austin Ray,126-56-0955,"570 Emily Glen Suite 679
East Matthewstad, IL 68547",N,hours
395,Curtis Scott,565-36-5801,"72514 Mitchell Spurs
Lake James, AK 20779",N,hours
396,Robert Huerta DDS,674-34-8742,"2649 Jason Center
Wallermouth, VT 84309",Y,miles
397,Mr. Christopher Berry MD,843-17-4651,"40027 Brittney Views Apt. 281
South Sherrifort, NV 77767",N,hours
398,Haley Parsons,471-18-2803,"USNS Miller
FPO AP 80965",Y,miles
399,Yesenia Burns,587-72-0357,"8417 Montgomery Greens Suite 098
Stephenfort, TX 81442",Y,miles
400,Kathleen Gonzalez,896-43-9661,"58332 White Land Suite 031
Hermanchester, GA 22445",Y,hours
401,Victoria Howell,104-88-3895,"286 James Mountains Apt. 775
Port Lindaton, UT 19025",Y,miles
402,Michele Brooks,552-33-2387,"195 Erica Burgs
Merrittland, MN 72627",Y,hours
403,Angela Wong,504-20-0201,"USCGC Delgado
FPO AP 99485",N,miles
404,Phillip Leonard,882-96-7414,"6747 Watkins Crossing
Sarabury, AS 47479",N,miles
405,Natalie Lynch,122-65-7204,"609 Kelly Isle Apt. 803
South Robertland, WA 40540",Y,miles
406,Timothy Wyatt,516-39-0096,"0957 Wilson Shoals
Port Susanfort, AL 30919",Y,miles
407,Eric Anderson,776-80-0540,"87809 Lee Isle
Kristinchester, FL 35675",Y,hours
408,David Anderson,163-90-0688,"861 Eric Parkway
Benjaminberg, AZ 56920",Y,miles
409,Wyatt Parker,454-41-5769,"12231 John Square Suite 043
Davismouth, DE 79529",N,miles
410,Laura Brown,392-59-5256,"3980 David Mountains
Dorothyhaven, VA 10844",Y,hours
411,Amy Martinez,479-09-7435,"239 Martinez Causeway Apt. 960
Lake Emilyside, AS 32801",N,miles
412,Jacob Garcia,503-13-3717,"83494 Freeman Springs Suite 961
Brownberg, LA 71211",N,miles
413,James Paul,707-39-9037,"025 Fox Burgs
South Gregory, AR 14134",N,hours
414,Michael Sampson,442-35-0990,"850 Carrie Field
East Nicole, UT 70452",N,hours
415,Michaela Johnson,124-35-4444,"Unit 0721 Box 3976
DPO AP 49272",Y,hours
416,Erin Pittman,753-30-8120,"PSC 0713, Box 2124
APO AP 54739",N,miles
417,Michael Rodriguez,770-70-8565,"702 Booker Mountain Apt. 955
Amandamouth, MO 92106",Y,miles
418,Michael Estrada,813-88-1393,"USS Woods
FPO AP 85177",Y,hours
419,Marvin Collins,239-54-2273,"264 Perry Fall Suite 230
West Bruce, VA 44185",N,miles
420,Valerie Pena,624-97-9611,"41103 Edwards Flats Suite 601
New Christopher, RI 21516",Y,hours
421,Meghan Whitaker,646-43-5598,"38922 Stacy Tunnel Apt. 627
Vargasshire, FL 15596",Y,hours
422,Lisa Bishop,568-40-0776,"75343 Tracy Rue
Brentport, WV 51246",Y,hours
423,Natalie Ferguson,743-10-1630,"0824 Li Junction Suite 263
Kevinberg, AS 56853",N,miles
424,Christina Hoffman,738-24-9870,"PSC 6370, Box 5374
APO AE 75535",N,hours
425,Nancy Elliott,729-94-2127,"4370 Kramer Turnpike
South Heather, OK 60272",Y,hours
426,Joshua Black,588-79-6327,"176 Brenda Pike
Lake Jared, AK 10433",Y,miles
427,Michael Ward,878-73-6184,"5725 Adams Motorway
Victoriahaven, NM 24677",Y,miles
428,Jasmin Hutchinson,797-34-9166,"735 Franco Fords Suite 336
South Tyler, MS 67281",Y,miles
429,Patricia Singh,871-67-1240,"55970 Luna Common
Kaylaside, CO 83539",N,miles
430,Caitlyn Davis,879-81-2307,"796 Walker Mountains Apt. 149
Marvinfurt, OK 14089",Y,miles
431,Jean Khan,014-17-6544,"855 Moore Roads Suite 794
Peterhaven, IA 89930",Y,hours
432,Jason Reid,786-50-3867,"55196 Darrell View Apt. 285
New Ethan, NE 70822",Y,miles
433,Tony Green,630-70-2068,"23306 Coleman Ford Suite 757
East Michelehaven, AL 49549",Y,miles
434,Kelli Good,407-68-7978,"357 Amy Inlet
Port Crystal, TN 82342",Y,miles
435,Joanne Mann,334-79-0326,"741 Kari Gardens Suite 074
East Stephaniemouth, OR 09706",N,miles
436,Michael Mullen,788-89-3086,"20547 Jesus Loop
West Amy, MD 92576",Y,miles
437,Christina Atkinson,721-79-5391,"45478 Megan Mount
Rhodesstad, ID 93002",Y,miles
438,Leah Mcconnell,570-53-4001,"933 Jeremy Fork Apt. 753
New David, ID 33481",N,miles
439,Samantha Wood,893-87-1146,"36911 Davis Pines Suite 362
South Robertmouth, OK 07147",Y,hours
440,Jessica Estes,695-67-6459,"Unit 9195 Box 4213
DPO AE 54986",Y,hours
441,Adrian Burke,716-14-2643,"36971 Palmer Shoal
Myersfurt, SD 11547",N,miles
442,Lindsey Butler MD,002-57-7783,"USNV Curtis
FPO AA 59785",Y,miles
443,Jennifer Clark,712-15-5916,"419 Stacie Street
Hannahside, NJ 52882",N,hours
444,Andre Crawford,760-40-9506,"8696 Hanson Square Apt. 175
South Joanna, TN 74284",N,miles
445,Carol Hernandez,419-28-8043,"2140 Ramirez Squares
Heathershire, OK 82115",N,miles
446,Valerie Phillips,468-90-0930,"0488 Amber Plaza
East Rebeccaberg, WY 34461",N,miles
447,Julia Cole,600-82-5482,"9449 Rivera Locks
Crystalchester, OK 66113",N,hours
448,Andrew Chandler,796-57-6129,"654 Wayne Groves Apt. 993
Kellyside, GA 84653",N,miles
449,Carl Lyons,770-62-6490,"9514 Kyle River Suite 701
South Laurie, DC 21945",N,miles
450,Isaac Mills,549-98-8775,"76950 Curtis Pines
Michaelside, NC 92979",Y,miles
451,Erica Lynch,332-05-9985,"0993 Crystal Crescent
New Charlesview, OK 79466",Y,hours
452,Jeffrey Macdonald,660-95-1364,"72192 Russo Flat
Cooperland, UT 31172",Y,miles
453,Steven Copeland,828-68-8223,"31146 William Meadows
Deniseside, DE 03735",Y,miles
454,Dr. Jamie Salinas,639-95-8483,"431 Dustin Grove Apt. 433
Flemingchester, OR 97883",Y,hours
455,Caitlin Anderson,843-14-7924,"Unit 5018 Box 9019
DPO AA 05928",Y,miles
456,Eric Morgan,785-90-9040,"514 West Spur Apt. 758
New Brian, AR 01777",Y,hours
457,Carolyn Watson,343-24-8475,"098 Robert Mills Suite 594
Port Christopher, NJ 36189",Y,hours
458,Joseph Nguyen,070-94-9727,"21911 Paul Rapids
New Brendaland, GU 87431",N,miles
459,Geoffrey Wiggins,765-21-6851,"5759 Oliver Knolls
Port Jessica, IL 12751",N,hours
460,Robert Peterson,114-53-8939,"97998 Tiffany Street
Jasonland, HI 77887",Y,hours
461,Donald Fox,852-44-2039,"726 Ashley Key
Choiberg, IN 78764",Y,miles
462,Julie Rodriguez,838-39-9481,"PSC 6764, Box 1036
APO AE 93080",N,hours
463,Cristian Estrada,020-30-0094,"939 Andrew Shore Apt. 840
Palmershire, WI 33612",Y,hours
464,Joseph Wagner,807-64-1252,"96851 Torres Bypass Apt. 595
East Mariefurt, IL 70989",N,miles
465,Juan Maldonado,591-87-4304,"40031 Paige Coves Apt. 913
Joshuahaven, FL 03614",N,hours
466,Jasmin Hull,559-07-7643,"3965 Chambers Plain
Alexanderhaven, MN 26423",Y,hours
467,Paul Lopez,619-10-9586,"5294 Connie Valleys Apt. 171
Seanport, FM 34544",Y,hours
468,Stephanie Phillips,269-06-4436,"675 Julie Haven Apt. 766
Davisfurt, NH 55709",N,miles
469,Billy Simmons,304-90-5004,"68036 Mason Pass
Nelsonmouth, VI 79014",N,miles
470,Jasmine Cruz,264-33-1009,"9385 Jenna Green
East Heather, CT 88167",Y,hours
471,David Mullins,758-96-6732,"0862 Samuel Island
East Tammy, GU 85434",N,miles
472,Victoria Shields,168-70-4568,"856 Laurie Cape Apt. 598
Craigtown, NV 50495",Y,miles
473,Michael Sullivan,134-77-6195,"18045 Lambert Skyway Apt. 362
Arielview, FL 77576",Y,miles
474,Crystal Carroll,178-28-9046,"9551 Dunn Valley
West Debra, WI 85359",Y,miles
475,Michele Tucker,209-95-3416,"USNV Adams
FPO AA 50780",Y,hours
476,Patrick Mcdonald,055-54-4523,"Unit 7549 Box 1613
DPO AP 70783",Y,miles
477,Christopher Moore,275-52-2938,"4827 Mark Station Suite 813
Valenciaport, LA 91176",Y,miles
478,John Sutton,567-48-7816,"607 Hicks Station Suite 421
North Mercedesshire, GA 43200",N,hours
479,Shelly Mejia,457-36-5820,"2760 Martin Mountains
West Jenniferland, ID 56065",N,miles
480,Scott Chavez,084-73-8342,"0807 Amy Greens Suite 040
North Kimberlyborough, TN 47933",N,hours
481,Jaime Caldwell,814-01-7348,"0703 Hunter Spur
Robersonfort, TX 21085",N,miles
482,Stephanie Martin,369-04-6048,"572 Rivas Loaf Apt. 717
Arroyoberg, HI 36243",N,hours
483,April Shaffer,135-18-6557,"341 Barnes Mountains Suite 186
Port Shannon, WI 87682",N,hours
484,Aaron Nelson,245-36-2014,"3151 Miller Course
West Briannaview, MS 75897",N,miles
485,Elizabeth Smith,881-12-0827,"570 Bonilla Ramp Apt. 979
New Eric, AS 71454",Y,miles
486,Melissa Moss,258-92-1564,"704 Mario Crossroad Apt. 470
South Nicolefort, MN 90742",N,miles
487,Margaret Carlson,840-68-3112,"596 Wells Trafficway Apt. 599
Christopherport, AZ 66100",N,miles
488,Austin Vega,481-12-7196,"Unit 2132 Box 8801
DPO AE 13883",N,hours
489,Sarah Olson,835-22-4175,"9142 Robbins Way Suite 587
Port Kimberly, AS 53238",Y,hours
490,David Mccarthy,339-74-6287,"73103 David Points
New Paulville, TN 80485",N,miles
491,Beth Fleming,696-82-0846,"Unit 4522 Box 2221
DPO AA 22444",Y,miles
492,Gerald Carter,338-76-6215,"65322 Kimberly Summit Apt. 813
Hicksburgh, MN 71060",Y,hours
493,Catherine Blackburn,773-25-1542,"05886 Sullivan Forest
Shelbyfurt, MP 24486",Y,miles
494,Tyler Walsh,362-94-2979,"63487 Crystal Lights
Romanbury, DE 31374",N,miles
495,Darrell Curry,791-15-9967,"3775 Brian Port Suite 476
New Michellemouth, AL 68820",Y,miles
496,Danny Boyd,573-28-4091,"919 Brown Parks Apt. 950
Davidmouth, IL 31480",Y,miles
497,Shirley Chavez,234-62-8529,"063 Billy Causeway
Rebeccachester, IL 20538",Y,miles
498,Jennifer Vance,853-02-3870,"38100 Emily Brook Apt. 116
Ryanville, MA 77636",N,hours
499,Sara Rodriguez,521-95-0191,"3490 Baxter Inlet
Hamiltonhaven, GU 96288",N,hours
500,William Cole,495-15-7601,"29138 Erika Villages
Michaelland, IN 87514",N,hours
501,Peter Sutton,227-70-9610,"861 David Square
West Jason, MS 35057",Y,miles
502,Sarah Hall,285-76-2966,"082 Cooper Plaza Suite 343
South James, MO 69907",Y,hours
503,Kristin Davidson,122-47-7114,"1552 Moore Mountains Apt. 024
Michelleville, HI 81276",Y,miles
504,Kayla Smith,853-72-6810,"9451 Kenneth Lights
Martinezburgh, AK 62568",N,miles
505,Peter Burgess,580-11-3102,"85775 Allen Extension
East John, WA 69976",N,miles
506,Christopher Smith,889-23-3434,"291 Kevin Mountains Suite 847
Rebeccamouth, ID 57917",Y,hours
507,Stephen Wheeler,855-97-0009,"61787 Barbara Plains Suite 191
Duncanside, CT 83183",N,hours
508,Jeffery Brown,573-51-4086,"09668 Tracy Path Apt. 734
Tracifurt, NC 24402",Y,miles
509,Ruth Frank,489-83-2950,"721 Billy Fort Suite 927
New Heather, CO 04186",N,miles
510,Ronald Escobar,887-80-2327,"69006 Carpenter Squares
Johnburgh, VT 82511",Y,miles
511,Jimmy Larson,663-58-7442,"90099 Patricia Summit Apt. 498
Port Timothyburgh, RI 66253",N,hours
512,Kathryn Hernandez,359-09-4798,"17841 Reid Stravenue
Billyburgh, MT 40680",Y,hours
513,Vanessa Thompson,451-54-0603,"531 Jacob Manors Apt. 198
West Nancy, WA 21771",Y,miles
514,Courtney Morgan,169-34-8037,"510 Christopher Track
Vargasport, PR 81348",Y,miles
515,Gregory Yates,534-40-9403,"993 Terri Valley Suite 230
Lake Christopher, TX 89907",Y,miles
516,Amy Bass,099-14-3430,"83785 Janet Mall
Port Thomasville, PR 86022",Y,hours
517,Steven Mendoza,333-66-6625,"442 Tyler Valleys
Port Samantha, FM 65663",N,hours
518,Michael Romero,223-48-7080,"977 Taylor Hills Suite 447
Lake Amyside, LA 55324",N,miles
519,Lisa Roberts,099-36-6868,"523 Linda Views
Sullivanmouth, CT 47599",Y,miles
520,Amy Rogers,818-61-6569,"653 Perry Corners Apt. 245
Charlesmouth, NY 26406",N,hours
521,Jonathan Brown,668-01-9701,"8514 Murray Harbor Suite 441
South Jenniferfort, PR 31095",Y,miles
522,Thomas Simmons,375-30-2239,"7188 Walter Union
Port Anthony, HI 99872",N,hours
523,Brian Perez,667-58-2821,"221 David Throughway Apt. 024
South Rhondafort, PA 33625",Y,miles
524,Crystal Smith,558-15-3337,"00128 Peggy Junctions Apt. 880
East Timothy, PR 62441",N,hours
525,Robert Leon,833-83-2572,"994 Peters Spurs Apt. 448
New Danieltown, NE 94657",N,miles
526,Eric Copeland,065-18-8795,"USNS Clark
FPO AA 10712",N,miles
527,Laura Dominguez,446-65-9275,"7628 Cannon Heights Suite 344
New Lauramouth, CT 64864",Y,hours
528,Christopher Barr,559-61-5512,"815 Marshall Turnpike
Timothyshire, GA 86065",N,hours
529,Barbara Freeman,668-93-4150,"54597 Clark Rapids
North Williamfurt, IA 82427",N,hours
530,Erin Walters,217-79-2068,"707 James Track
North Elizabethview, NJ 81724",N,miles
531,Mrs. Diane Miller,553-88-4367,"67494 Mcdonald Rapid Apt. 769
Harrybury, KY 54817",Y,hours
532,David Austin,844-69-5911,"57924 Green Loop
New Jessicahaven, HI 68536",Y,miles
533,Rachel Fletcher,396-53-1962,"58916 Harvey Path
Port Patrick, OR 76699",Y,miles
534,Courtney Greene,871-89-9356,"051 Patrick Canyon Apt. 904
Port Scottborough, ND 70220",N,hours
535,Mr. Brett Lyons,428-92-7684,"417 Hayes Stream
Jasmineview, MT 51132",Y,miles
536,Jack Hall,290-80-8581,"USNV Mendoza
FPO AE 24788",Y,hours
537,Cynthia Smith,723-19-8085,"9934 Robinson Plain Apt. 526
North Ashley, DC 18665",N,miles
538,Steven Thomas,839-70-8741,"05364 Rose Plaza Suite 705
Port Johnny, IL 77735",N,miles
539,Danielle Aguilar,823-56-5534,"2611 Alexander Crossing Suite 085
Robinsonmouth, OR 95126",N,hours
540,Melody Johnson,372-26-1079,"667 Duncan Fields
West Lisafort, CO 29661",N,hours
541,Michael Hill,043-50-9445,"58715 Davis Wells
Deannaville, MO 36905",N,hours
542,Joy Williams,616-18-8255,"491 Murray Points
Aprilberg, OR 87919",N,miles
543,John Bennett,003-81-5900,"039 Price Keys
Harmonshire, WI 66277",N,miles
544,Leslie Smith,749-14-9297,"211 Jake Glens
Rebeccastad, FM 09739",N,miles
545,Clayton Rogers,804-49-2781,"1170 Holt Cape Suite 636
Keithfurt, FM 91243",Y,hours
546,Michael Chavez,414-15-6312,"65704 Joe Centers
Johnsonton, WA 76473",Y,hours
547,Derek Ramos,214-72-9596,"66977 Carpenter Street
Lake Sandramouth, SC 01294",Y,hours
548,Dennis Camacho,064-55-1129,"548 Anthony Canyon Suite 554
New Elizabeth, ID 24047",N,miles
549,Paul Morgan,612-06-8235,"93685 Brady Lake
South Tyler, WY 81004",Y,miles
550,Bradley Stone,397-88-9592,"857 Joseph Walk Suite 455
East Michael, AR 10566",Y,hours
551,Jerry Maxwell,635-02-7706,"0555 Brown Centers Apt. 140
North Terri, ME 34658",N,hours
552,Shari White,588-50-9024,"78555 Johnson Fort Suite 380
East Fredtown, CO 04927",N,hours
553,Leonard Guerra,831-92-5394,"63006 Kyle Row
New Petermouth, NM 83367",N,miles
554,Patricia Hayes,572-24-9918,"2135 Hanson Dale Apt. 481
Xavierberg, KY 92087",N,miles
555,Michael Ward,297-94-2228,"457 Lawrence Passage
West Nathanfort, AZ 74573",N,hours
556,Amy Rios,675-25-0773,"70561 Sara Wall Apt. 525
Stevenberg, FL 63247",N,miles
557,Candace Cummings,858-18-3603,"8003 John Creek Suite 135
Grahamville, NY 43374",Y,miles
558,Brandon Jones,463-66-5259,"223 Cole Burgs
Andrewsshire, MD 74133",Y,hours
559,Nancy Martinez,820-57-1672,"1631 Anderson Way Apt. 910
Knightburgh, VT 13218",N,hours
560,Steven Watson,185-07-7723,"98101 Roberts Loaf
Hayesview, IA 75507",Y,hours
561,Alexander Leonard DVM,366-64-4254,"6853 Rebecca Grove
Elizabethland, LA 65527",Y,miles
562,Brenda Lee,842-66-9921,"0850 Hughes Dale
Smithstad, IN 99824",N,hours
563,Teresa Glover,753-36-0559,"5108 Moore Ports
Codyburgh, NM 85763",Y,hours
564,Katie Krueger,877-03-5616,"19129 Perry Shoal
Liuborough, OR 54198",N,miles
565,John Lewis,313-32-5469,"3139 Torres Rapid
South Donna, ND 12999",N,miles
566,Jared Waters,749-60-8094,"8643 Jones Freeway Suite 390
South Erinbury, IL 72928",Y,hours
567,Cassandra Orr,413-58-1994,"7079 Joseph Mountain Apt. 705
North Sandraside, OK 12231",Y,miles
568,Thomas Cooke,279-18-1909,"176 Zachary Ridges Apt. 775
South Annport, MA 85297",N,miles
569,Tonya Richard,721-40-1234,"567 Phillips Row Apt. 152
East Jon, WA 41840",N,miles
570,Erika Brown,853-84-3349,"71270 Graham Islands Suite 428
East Stevenmouth, NE 35220",Y,miles
571,Tony Nguyen,703-35-1794,"5332 Amanda Harbors Suite 956
Freemanchester, IN 98155",N,miles
572,Devin Walker,557-90-8032,"79966 Hamilton Harbors
Port Chelsea, MI 55387",N,hours
573,Michelle Hernandez,118-08-5542,"2343 Miranda Harbor Suite 325
Lake John, ME 45292",Y,miles
574,William Johnson,496-09-0478,"843 Andrew Ridge Apt. 819
West John, GU 80628",N,hours
575,Dr. Edward Jones MD,474-43-4287,"0857 Richard Lodge Apt. 938
East Rachelfort, PR 51537",Y,miles
576,Logan Pugh,784-07-9594,"804 Chavez Glen Apt. 532
Gouldberg, OK 23952",Y,miles
577,Tracy Waters,453-64-2339,"502 Noble Drive
Paulborough, MO 95373",N,hours
578,Stephanie Watts,559-53-4243,"3026 Mitchell Road
North Aaron, NM 41540",Y,hours
579,William Pena,775-10-7478,"039 Dawn Manors Suite 748
Kerrberg, MT 04055",N,miles
580,Jonathan Peterson,768-21-9864,"4652 Lopez Mews
North Jamesberg, PR 40470",Y,hours
581,Natalie Mann,045-39-8457,"3182 Walker Canyon Apt. 185
Patriciaberg, IA 93577",N,miles
582,Laura Kelley,402-55-0802,"7583 Dougherty Mountain
Houstonton, HI 56913",Y,hours
583,Madison Jackson,556-92-9368,"7977 Rodriguez Trail
South Joshua, AK 36367",Y,hours
584,Sean Turner,473-65-9422,"472 Michelle Throughway
Lake Ethan, UT 82536",N,miles
585,Scott Swanson,283-97-7481,"898 Cole Station Apt. 777
West Aaronfurt, IN 61459",Y,hours
586,Melissa Mora,630-05-9596,"2652 Combs Hills Suite 908
Port Kristenstad, MD 57304",N,hours
587,Jerome Armstrong,283-92-2722,"Unit 0448 Box 8681
DPO AA 35550",Y,hours
588,Carrie Riley,279-56-3136,"6180 Sanchez Rapid
South Brandon, OR 05900",N,hours
589,Justin Gomez,655-47-5882,"853 Martinez Groves Apt. 363
West Brianmouth, GU 11294",Y,miles
590,Lisa Johnson,507-56-5595,"93773 Samantha Drive Suite 235
Youngport, HI 28535",N,miles
591,Justin Richardson,340-48-7604,"301 Erin Stream
New Davidchester, ND 04177",N,hours
592,Michael Walker,647-16-6015,"603 Chris Lights Apt. 978
New Todd, PR 29059",N,miles
593,Gregory Wilkerson,058-18-6776,"32668 Christine Course Suite 665
West Dalton, FM 40805",N,hours
594,Jamie Hicks,810-76-0139,"6338 William Loaf
Mooreton, NV 89188",N,miles
595,Connie Carter,247-71-4378,"5112 Allison Glens
East Elizabeth, WY 24908",N,miles
596,Christina Olson,287-77-8297,"8307 Shannon Harbors
West Matthew, NC 46531",N,hours
597,Tyler Ingram,470-01-5829,"846 Lori Shoals Apt. 437
Lake Kristinmouth, RI 24751",Y,hours
598,Dominic Johnson,724-63-7295,"679 Tiffany Parkway Apt. 982
Crystalstad, NV 87854",N,miles
599,David Adams,185-99-8698,"52076 Rebecca Prairie Apt. 534
Greentown, AS 45627",Y,miles
600,Craig Li,130-48-0714,"63381 Kyle Fall
North Kendra, MN 00842",N,miles
601,James Espinoza,270-86-3140,"USNS Gordon
FPO AP 07627",Y,miles
602,Michael Reilly,807-77-8070,"7671 Elaine Loaf Suite 459
Perezmouth, SC 01885",N,miles
603,Kenneth Jones,624-07-4328,"PSC 9883, Box 7723
APO AE 39330",N,hours
604,James Bryant,662-60-4562,"Unit 1821 Box 8214
DPO AE 32541",N,hours
605,Jennifer Miller,182-59-6504,"85534 Steven Mall Suite 090
Elliottville, MO 88088",Y,hours
606,Renee Franklin,709-32-7812,"5524 Carson Trace Apt. 785
Carolynchester, CO 49170",Y,hours
607,Jocelyn Lee,545-31-3440,"59232 Benjamin Canyon
Thompsonbury, VI 44700",Y,miles
608,Joseph Thompson,437-56-4163,"289 Frank Spring Suite 313
New Elizabethton, GU 31394",Y,miles
609,Tammy Lewis,315-31-1566,"4895 Martha Coves Suite 711
Lake Richard, RI 09153",Y,miles
610,Jonathan Rivera,369-59-3401,"325 Jamie Point
West Charlenetown, VI 45765",N,miles
611,Mrs. Wanda Beltran PhD,462-23-5036,"8528 Pena Walk
Cynthiaville, VA 50363",N,miles
612,Renee Gonzalez,328-48-0864,"9026 Francisco Mills
East Courtneyville, GU 08180",N,hours
613,Michael Turner,667-64-3078,"03664 Amanda Ridge
Port Jessefort, MA 07032",N,miles
614,Bradley Evans,618-87-8017,"6622 Bridget Falls Suite 759
Longburgh, NY 03803",Y,hours
615,Arthur Robinson,150-19-9293,"01395 Sylvia Dale Apt. 933
Lake Jeanettefurt, RI 67636",Y,miles
616,Tricia Johnson,693-93-0856,"97081 Laura Trail
Bryanview, OH 23735",Y,miles
617,Danny Richard,130-24-1160,"6095 Tiffany Tunnel Apt. 401
Tylershire, GU 45534",Y,hours
618,William Camacho,778-56-8518,"9907 Moore Alley
West Elizabethtown, CA 12937",N,hours
619,Jacqueline Foster MD,567-56-5788,"565 Amy Isle Suite 416
Morrisport, OR 45581",N,hours
620,Kelly Stewart,044-17-2617,"60002 Teresa Light
Michaelmouth, WV 32076",N,hours
621,Jacob Acosta,616-44-3713,"7216 Miller Alley
Guybury, AR 50964",Y,hours
622,Joshua Smith,863-84-4157,"3186 Huber Point Apt. 455
Lake Christopherhaven, NY 86068",N,hours
623,Amanda Chen,336-26-1663,"7250 Ingram Island
Williamsberg, ND 91004",N,miles
624,Laura Washington,392-66-1589,"19083 Kane Drive Apt. 164
Stephanieton, MH 99048",Y,hours
625,Wanda Bailey,534-11-4899,"641 Turner Run
Haleychester, VI 72731",N,miles
626,Stephanie Sanders,684-27-1429,"65041 Gould Inlet Suite 768
Lake Bethany, WI 20627",N,miles
627,Daniel Jones,675-71-5087,"432 Martin Estate Suite 359
East Daniel, WV 36178",Y,miles
628,Rebecca Allison,695-68-0926,"1098 Sara Mountains
Obrienfort, ND 22039",N,miles
629,Michelle Butler,232-07-0600,"6826 Calvin Spurs Apt. 994
East Brianchester, MD 98687",Y,miles
630,Jessica Jimenez,322-73-3740,"05364 Joseph Garden Suite 324
Christopherton, OR 10314",Y,miles
631,Blake Bradley,897-31-0590,"649 Mccarty Knolls Suite 493
Georgemouth, AR 65843",Y,hours
632,Gary Wallace,810-35-1199,"70279 Ronald Village Suite 982
New Karenborough, NH 05020",Y,hours
633,Sandra Winters,498-89-5671,"7758 Davis Lights
Michaelstad, GU 97384",N,miles
634,Amanda Gonzalez,475-45-1069,"9857 Moore Islands
Gilbertmouth, NE 51714",N,miles
635,Tyler Mitchell,562-95-6288,"66369 Clay Valley Apt. 585
Port Jasmine, OR 17920",Y,hours
636,Danielle Ayala,372-18-7557,"32219 Charles Branch Apt. 795
Heatherport, MT 54221",Y,miles
637,Nicole Woods,411-36-4010,"63421 Lindsey Locks
Sandramouth, VI 08013",N,miles
638,Travis Snyder,610-95-9628,"95896 Lee Flats
Lake Juliebury, KS 76557",N,hours
639,Alejandra Reyes,453-55-8180,"PSC 9536, Box 9553
APO AP 14718",Y,hours
640,Lee Wright,807-70-5048,"USNV Khan
FPO AE 07032",N,miles
641,Samuel Barker,659-22-5645,"USNS Waters
FPO AE 21008",Y,hours
642,Derek Long,069-34-8459,"Unit 5207 Box 2978
DPO AE 73720",N,miles
643,Michelle Fernandez,750-22-6109,"2514 Susan Drives
West Rebecca, GU 27421",N,miles
644,Luis Hartman,532-78-3714,"819 Gabriel Circle
Nicoleville, CT 06856",Y,miles
645,Cesar Holland,814-61-4867,"497 Rocha Spring Apt. 409
North Christineville, VI 08137",Y,hours
646,Cory Thomas,628-09-1340,"908 Jessica Turnpike Suite 729
Kristinashire, PR 45313",Y,hours
647,Patricia Thompson,088-44-3559,"4724 Clark Shores
Jodiview, VI 56529",Y,miles
648,Dana Moore,339-79-8791,"441 Elizabeth Run Apt. 960
Chanberg, MT 55568",Y,hours
649,Kathleen Carey,448-24-2647,"Unit 6767 Box 4788
DPO AE 52196",Y,miles
650,David Haley Jr.,762-64-5360,"3651 Jodi Inlet
Veronicaberg, MO 72305",N,hours
651,John Robinson,806-02-8392,"6882 Martin Trafficway
Donnaberg, HI 32219",N,hours
652,Timothy Sims,874-25-5370,"26382 Jackson Port Apt. 914
Mitchelltown, DE 51567",N,miles
653,Aaron Stevens,465-86-2639,"39060 Jones Inlet Suite 257
East Brett, NM 86698",Y,hours
654,Chad Blackburn,798-38-9091,"667 Wilson Cove
North Brandon, GA 11271",Y,hours
655,Robert Martinez Jr.,063-97-0635,"02867 Tracy Summit Apt. 581
Tonyahaven, IN 54698",Y,miles
656,Micheal Hanna,140-39-6300,"7201 Martin Fort Apt. 495
East Austin, KS 58168",N,hours
657,Harold Cuevas,781-76-7812,"31964 Veronica Parkway
Quinnmouth, WA 43367",Y,hours
658,Jordan Deleon,262-47-0973,"292 Garrett Shoal Apt. 916
Coreytown, NH 25884",Y,miles
659,Steven Barnes,230-29-7917,"051 Cynthia Plain
Maryburgh, NE 74452",N,miles
660,Justin Lamb,484-57-6568,"5698 Erin Pine
Lake Trevor, WY 26604",Y,hours
661,Courtney Smith,351-47-0577,"8981 Kevin Flats Suite 102
New Karen, NE 48404",Y,miles
662,Morgan Cunningham,146-83-6505,"2887 Sandra Forks
Lake Jessicashire, MD 37192",Y,miles
663,Christopher Lopez,628-53-5263,"64888 Beth Greens Suite 655
New Jeffrey, CA 37985",N,miles
664,Elizabeth Crawford,454-90-1403,"62354 Jones Squares Suite 094
Port Sharon, CT 51458",Y,hours
665,Rebecca Lee,719-01-4400,"062 Lauren Greens Apt. 495
East James, WI 92761",Y,hours
666,Amanda Martinez,842-64-8633,"6857 Williams Grove
Sarahfort, VT 52395",Y,miles
667,Travis Munoz,374-86-1858,"513 Jacqueline Passage Suite 217
East Lauraberg, NE 75427",Y,miles
668,Elizabeth Thomas,808-48-2326,"773 Kelly Turnpike Suite 551
New Tamara, SD 73758",Y,hours
669,Joel Rogers,057-77-1440,"88240 Virginia Extensions Apt. 258
Hillshire, IN 83512",N,hours
670,Leslie Snyder,875-24-7416,"6494 Weber Vista
Cabrerastad, AR 14928",Y,hours
671,Dr. Jessica Ross,337-55-0280,"127 James Court Apt. 218
Martinview, WV 10645",N,miles
672,Carolyn Marshall,392-65-2421,"75172 Mcintyre Avenue Suite 135
South Crystalshire, WI 83819",N,hours
673,Jonathan Cain MD,093-63-1439,"463 Hall Road
North James, ID 05047",N,miles
674,Andrew Hernandez,629-29-0923,"31508 Byrd Gardens Suite 458
West Sarah, ME 64255",Y,miles
675,Alexandra Lin,698-28-2049,"1790 Christopher River Apt. 196
South Michael, ID 58117",Y,hours
676,Gina Gonzalez,694-65-8116,"677 Dean Forest
Willisport, OK 17314",Y,hours
677,Cindy Bright,714-51-0881,"8424 Alexander Crossroad
Lake Christyborough, OK 82498",N,miles
678,Amy Thomas,898-36-0893,"896 Boyd Stream
Keyside, NE 64272",N,hours
679,Nicholas Prince,081-92-6362,"821 Eric Ville Apt. 297
Smithberg, NE 29432",Y,hours
680,Christina Brooks,777-59-5091,"0234 Eric Squares Apt. 609
Richardsonhaven, ND 61167",Y,hours
681,Joshua Cochran,300-78-9676,"780 Katherine Bridge Suite 547
Port Raymond, KY 07216",Y,miles
682,Ray Miranda,667-82-0325,"7793 David Glens
New Erin, CO 14175",Y,hours
683,Holly Ruiz,684-11-6070,"091 Davis Gardens
Michealfort, VT 13668",N,hours
684,Geoffrey Munoz,085-50-6896,"4608 Fuller Springs Apt. 412
Katiefort, MT 66109",N,hours
685,Cindy Lowery,520-88-4694,"4323 Nicole Parks Suite 191
Port Tiffany, MN 38659",Y,miles
686,Devon Hobbs,833-41-2682,"93852 Taylor Highway Suite 704
Robertsmouth, AZ 29512",N,miles
687,Katherine Riley,082-31-0823,"0941 John Stravenue Suite 680
Hillhaven, UT 39241",N,miles
688,Ronald Turner,870-74-9469,"403 Crystal Manor Suite 401
Baileyfort, GA 14488",Y,miles
689,Robert Page,836-83-0126,"6130 James Well Suite 354
West Jerry, MH 17490",N,miles
690,Barbara George,390-31-2149,"333 Robert Lakes Apt. 722
East Denisetown, NC 03214",Y,hours
691,Debbie Thomas,290-98-7285,"USNS Peterson
FPO AP 08119",N,hours
692,Christina Nelson,856-65-0644,"277 Joseph Point
West Jermaine, MD 10440",N,hours
693,Cathy Spencer,043-89-5188,"591 Ortiz Key
New Emily, PW 33733",N,hours
694,David Vaughan,432-05-3994,"167 Simmons Alley Suite 559
Lake Josephhaven, WI 10247",N,miles
695,Laurie Bell,070-73-5227,"6834 Jose Crescent
Scottfort, NY 28731",Y,hours
696,Mikayla Ochoa,634-95-3262,"USCGC Aguilar
FPO AP 53043",Y,miles
697,Andrew Kennedy,842-07-8194,"USS Martinez
FPO AP 89425",Y,hours
698,Kristina West,655-87-7503,"19570 Sullivan Islands Apt. 247
West Johnville, ID 08905",N,hours
699,Dean Graham,614-93-4061,"5303 Chapman Wells Suite 548
Banksborough, ID 79062",N,hours
700,Angel Coleman,535-39-7770,"08648 Dawson Locks
Jacquelineburgh, MO 65923",Y,hours
701,Gary Edwards,306-36-7028,"378 Harrison Harbor
Griffinhaven, MH 46525",N,hours
702,Latoya Johnson,398-50-1352,"49591 Macdonald Wall Apt. 024
Edwardstown, SD 16605",Y,hours
703,Mark Sutton,022-31-7901,"65021 Justin Knolls Suite 183
Loganbury, WV 94738",N,miles
704,Olivia Lam,870-75-1799,"59418 Howell Bridge
Sanchezborough, AK 03284",Y,miles
705,Jessica Odom,198-41-9792,"85040 Michael Branch
East Elijah, MS 95411",N,hours
706,Terri Harper,135-78-0645,"7372 Melanie Harbor
South Loriview, MH 40195",N,hours
707,Mark Wood,898-56-2044,"193 Crystal Branch Apt. 354
South Robinbury, OH 91799",N,miles
708,Kurt Tran,137-76-9393,"179 Robert Corner Suite 346
Timothyland, VA 34278",Y,miles
709,Christopher Norton,626-05-7104,"01675 Patrick Common
Leetown, AS 48837",Y,hours
710,Jennifer Faulkner,182-10-8948,"86021 Tran Park
Camachofurt, PW 24115",Y,hours
711,Mrs. Ruth Mcintosh,305-52-3977,"PSC 6561, Box 9326
APO AP 03497",N,miles
712,Kathleen Erickson,204-38-9594,"Unit 1678 Box 1091
DPO AP 77013",Y,miles
713,John Luna,121-45-5762,"PSC 2102, Box 5946
APO AA 16641",Y,miles
714,Sherri Grant,723-44-0957,"306 Ruben Dale
New Ray, MO 71195",N,miles
715,Cathy Bryant,396-23-4971,"65679 Dustin Run
East James, MI 46055",N,hours
716,Mark Bennett,715-72-2883,"902 Mclaughlin Stream
East Robertchester, AR 98608",N,hours
717,April Barker,690-55-4216,"915 Hall Hollow
Kellyport, TX 96116",N,hours
718,Veronica Castillo,552-72-9668,"2070 Kenneth Rue
New Lisafort, MH 54995",N,hours
719,Eric Francis,242-61-1707,"31239 Martin Ports
South David, AS 06426",Y,hours
720,Stephanie Knight,395-83-3233,"821 Amanda Lights Apt. 775
North Billychester, MT 09379",N,hours
721,Michelle Mueller,322-89-5560,"PSC 7326, Box 4312
APO AA 49975",Y,hours
722,Kathleen Kim,523-44-2494,"482 Nicholas Ramp
Port Michael, PR 05937",N,hours
723,Pamela Campbell,553-38-1573,"87884 Phillips Canyon
Davisburgh, AR 56784",Y,hours
724,Michael Owen,157-25-9671,"663 Hall Trafficway Apt. 229
Allenchester, AK 59016",Y,miles
725,April Shields,503-33-9961,"Unit 6146 Box 0856
DPO AP 49266",Y,miles
726,Paul Dean,542-88-0939,"80493 Thomas Mill
Thomasville, AS 41735",Y,miles
727,Thomas Jones,308-85-3357,"0251 Davis Creek
Lake Jamiemouth, VT 37447",N,hours
728,Nicholas Perkins,129-11-0086,"86166 Michael Summit Suite 153
West Luismouth, NH 40475",N,miles
729,Jeremiah Hicks,446-48-9257,"341 Cole Locks Suite 550
North Elizabethchester, VT 07370",N,hours
730,Dawn Robinson,579-50-2997,"2127 Jasmine Ports Suite 734
South Christopherton, MN 50521",N,miles
731,Amanda Martinez,198-42-4370,"Unit 1740 Box 3475
DPO AA 34367",Y,miles
732,Scott Wilson,199-80-7992,"929 Thomas Branch Suite 619
Brendaburgh, CO 65512",Y,hours
733,Debra Anderson,118-38-5260,"525 Gary Meadows
North Hectormouth, PW 14449",Y,miles
734,Martin Smith DVM,501-06-9057,"48816 Sandra Island
Lake Nicholas, MA 89048",N,hours
735,Justin Lara,287-58-5379,"719 Daniel Mews Apt. 244
Burnsbury, TX 27418",N,hours
736,Cameron Hawkins,597-71-7176,"8785 Nicole Greens Apt. 542
South Andrew, NJ 50756",N,miles
737,Kristen Atkinson,213-92-8020,"75806 Jason Rest Suite 511
East Michaelburgh, NM 76377",Y,miles
738,Heather Miller,585-35-4064,"7014 Erika Well
Lake Jenniferfort, NC 32077",Y,miles
739,Jeffrey Smith,086-22-8716,"1099 Hunter Corners Suite 063
West Tanya, ID 42191",Y,hours
740,Lori Wagner,153-72-4329,"427 Martin Pass Apt. 867
Marcview, VA 23969",N,hours
741,Matthew Mayo,669-10-8224,"22544 Daniel Rest Suite 492
Sosamouth, AR 58254",Y,hours
742,Darrell Johnson,133-73-2531,"5360 Katherine Crest
Jeffreystad, DE 25582",N,miles
743,Jasmine Russell,141-83-4108,"0677 Peggy Brook Suite 931
North Julie, TX 58254",Y,hours
744,Melvin Reeves,328-78-1476,"PSC 5071, Box 1318
APO AP 33686",Y,miles
745,Blake Diaz,870-09-7976,"92422 Mitchell Knolls
Jonathanberg, ID 40386",N,hours
746,Nicole Flores,303-70-0106,"791 Alvarez Ridge
Lawsonburgh, TN 38606",N,miles
747,Zachary Rosales,571-74-5696,"419 Anita Tunnel
Averyland, PW 98311",Y,miles
748,Tammy Sullivan DDS,468-07-3197,"712 John Crossroad
Rodgersmouth, AK 72079",N,miles
749,Rachel Harrison,586-20-7134,"920 Kelly Camp Apt. 461
Michaelland, MD 07066",N,hours
750,Ms. Cheryl Harrington,205-72-9825,"809 Susan Corner Apt. 159
Traciebury, KY 30596",Y,hours
751,Kristen Gibson,871-19-9539,"39173 Perez Villages
East Davidview, SC 91888",N,miles
752,Monica Mason,881-02-8890,"46356 Floyd Islands Apt. 029
West Jessicafurt, WV 75121",N,miles
753,Lauren Rhodes,663-26-8282,"01518 William Gardens
Lake Andreaborough, GU 80451",N,hours
754,Michael Franklin,207-24-7278,"228 Bailey Dale
Simpsonchester, ME 96244",N,miles
755,Joseph Nichols,653-43-0528,"7903 Randall Locks
West Williamport, NJ 70415",Y,hours
756,Michael Clark,682-32-5908,"4866 Webb Lakes
New Gregory, VI 86659",Y,miles
757,Shawn White,540-41-8287,"Unit 5432 Box 1075
DPO AA 95204",Y,hours
758,Kristina Harrison,806-87-9601,"06148 Brian Plains Suite 535
Kathleenhaven, AS 31257",Y,miles
759,Alex Stevens,283-55-1187,"PSC 4708, Box 5684
APO AE 07862",Y,hours
760,Nicholas Lopez,353-32-9937,"18543 Mcclure Station
Nathanielland, AZ 36127",Y,hours
761,Mrs. Ashley Mills,418-91-5434,"PSC 2884, Box 7504
APO AA 20933",Y,hours
762,Rebecca Reyes,198-06-0412,"859 Cody Falls Apt. 216
Grosstown, CT 53092",N,hours
763,Natalie Norman,592-85-4126,"27854 Russell Expressway Suite 180
Rowefort, FL 50193",Y,miles
764,Caitlin Price,143-16-2934,"8534 Bradley Extension Suite 221
Lake Marcuston, IA 22134",N,miles
765,Jill Ball,805-19-4261,"281 Peters Freeway Apt. 548
New Bryanborough, AK 91559",Y,miles
766,Andrew Sheppard,334-94-0916,"18030 Cynthia Tunnel Apt. 364
North Amberfort, MO 42500",N,miles
767,Anthony Roberson,674-26-6652,"PSC 2403, Box 4080
APO AA 60560",N,miles
768,Juan Anderson,581-06-1631,"619 Ross Mountain Apt. 969
South Zachary, GA 19804",Y,miles
769,Alexander Johnson,082-29-2840,"93499 Fernandez Cove Suite 273
East Johnfort, VA 28601",Y,hours
770,Lauren Jackson DDS,085-74-5736,"158 Holly Pass
New Kristaberg, HI 67288",N,hours
771,Charlene Smith,299-74-9089,"0805 Jason Prairie
Brentton, PR 68295",Y,miles
772,Timothy Gilbert,722-46-7780,"USCGC Shepard
FPO AE 20907",Y,miles
773,Justin Kirk,182-21-6499,"24308 Gill Overpass Suite 469
West Ronaldmouth, NC 59897",N,miles
774,Justin Rollins,167-85-7957,"323 Dawn Cape
Pratttown, UT 78802",N,hours
775,Patricia Lewis,055-45-7981,"PSC 7341, Box 3839
APO AA 74630",N,hours
776,Ronald Cox,302-14-8984,"08448 Ashley Junctions Apt. 387
Port Samanthaton, GA 41090",N,miles
777,Jessica Mendez,476-60-1527,"8478 Garcia Expressway
East Joshua, DC 05594",N,miles
778,Michael Todd,074-30-8355,"185 Pam Branch Suite 575
South Duane, PW 03641",N,miles
779,Monica Jensen,859-14-2216,"Unit 9398 Box 9111
DPO AA 32884",Y,hours
780,Donna Thomas,525-94-7985,"06782 Martinez Avenue Apt. 326
Melanieside, NY 79293",Y,hours
781,John Phillips,220-56-2562,"9029 Kristin Port
New Darryl, TX 75446",Y,miles
782,Christopher Hatfield,341-19-6161,"3335 Murray River Apt. 044
Howardside, UT 12659",Y,hours
783,Kathleen Johnson,525-81-1810,"290 Webster Trail
Tatehaven, MN 49451",Y,miles
784,Jake Barnett,418-62-4252,"416 Daniel Court
Carrieside, AZ 11503",Y,miles
785,Kimberly Mcclain,396-33-7532,"46229 Chelsea Drive Suite 176
Arnoldmouth, MT 24596",N,hours
786,Anthony Brewer,669-34-2132,"567 Heidi Circle
South Richard, PR 50289",Y,hours
787,Courtney Thomas,437-86-1368,"234 Brian Burg Suite 881
Lisafurt, RI 34104",N,hours
788,Stephanie Martinez,643-22-9815,"22733 Robert Stream
South Rachelborough, RI 47712",N,hours
789,David Grant,894-66-0647,"0935 James Inlet Suite 140
Poncemouth, AZ 35899",N,hours
790,Richard Davis,622-08-8590,"247 Ryan Cliff
East Christinaberg, OK 12685",Y,hours
791,Jennifer Spencer,191-10-3300,"32160 Whitaker Center Apt. 182
South Melissaview, WV 10352",Y,hours
792,John Ward,150-78-7692,"6410 Gonzalez Inlet Apt. 741
Timothymouth, AS 47623",N,miles
793,Kurt Page,384-35-7566,"494 William Viaduct Apt. 645
South Valerie, CA 37023",Y,miles
794,James Phillips,611-99-7584,"732 Ann Spring
North Anthonyhaven, PW 41933",Y,miles
795,Sarah Hamilton,031-43-5742,"42486 Lauren Branch Apt. 561
Lake Ryan, AR 40629",N,miles
796,Lisa Conner,569-01-5662,"3463 Michael Vista
Dickersonhaven, RI 91888",N,miles
797,Leslie Dalton,676-44-0484,"USNV Ward
FPO AE 73736",N,hours
798,Charles Rivas,029-56-3581,"8365 Kim Dam
Port Wendy, ME 70433",N,hours
799,James Padilla,745-14-1760,"0537 Clark Crossroad Apt. 901
Nicholasport, AZ 34829",Y,miles
800,Sean Miller,228-16-0313,"PSC 8644, Box 4261
APO AE 68786",Y,hours
801,Ashley Flores,590-39-7495,"0387 Smith Lane Apt. 926
Lake Kylie, RI 01440",Y,miles
802,Sheryl Wilson,831-16-3620,"349 Shawn Squares
Katrinaville, MI 96048",N,hours
803,William Gomez,556-64-3291,"356 Eric Estates
Kennedychester, KY 88381",N,hours
804,Javier Price,171-51-8901,"056 Cook Divide
New Betty, SC 33872",N,hours
805,Justin Chapman,549-41-3700,"63243 Nicole Hills Apt. 863
Alexandermouth, ME 48817",N,hours
806,John Bartlett,779-85-9517,"82524 Charles Locks
Lake Jennifer, AS 29236",N,miles
807,Shawna Cantu,505-45-5325,"205 Rodriguez Gateway Suite 188
Courtneymouth, VA 33488",Y,hours
808,Marc Jenkins,269-03-5485,"9562 Anthony Centers
New Aprilchester, ME 15807",N,miles
809,Laura Williams,817-03-2004,"146 Montgomery Lane Suite 768
Lisastad, IA 31063",N,miles
810,Frances Mccoy,717-17-4962,"453 Heather Plaza
New Jenniferchester, VT 96529",Y,miles
811,Rebekah Burnett,403-74-5569,"PSC 8886, Box 3795
APO AE 31366",N,hours
812,Jesse Baker,636-13-8541,"PSC 3883, Box 9084
APO AA 35562",N,miles
813,Amy Young,087-76-1333,"2516 Warren Loaf
Bartlettshire, AZ 83331",Y,hours
814,Janice Vazquez,494-91-8483,"81585 Erica Greens Apt. 015
Williamston, AR 42413",Y,miles
815,Victor Medina,670-38-9878,"935 Angela Radial
Carlostown, MN 09023",Y,hours
816,Jordan Moore,185-73-2092,"670 Elizabeth Gardens
Maysbury, NJ 93449",Y,hours
817,Nicole Gentry,434-70-5479,"102 Lane Drive Suite 009
East Henry, RI 26587",Y,miles
818,David Johnson,711-70-7781,"44651 Steven Ford
Lake Michelleland, MN 17257",N,hours
819,Emily Hansen,299-28-5861,"773 Wells Rapid Suite 794
East Samuelborough, OK 66644",Y,hours
820,Erin Ellis,338-62-5238,"922 Jackson Gardens Apt. 838
New Barbara, MI 24371",N,miles
821,Amanda Valentine,746-97-4847,"PSC 2809, Box 6661
APO AA 88507",Y,hours
822,Rebecca Christensen,267-52-9301,"5593 Brandi Falls Apt. 883
West Gabrielview, MP 74999",N,miles
823,John Reeves,780-13-7861,"USNS Alvarado
FPO AE 83612",Y,hours
824,Sierra Henry,671-62-9767,"Unit 1573 Box 2415
DPO AE 93469",Y,miles
825,Erica Sanchez,841-15-8123,"61510 Deborah Inlet Apt. 144
Patricialand, TN 75097",Y,hours
826,Tiffany Richardson,276-36-5350,"971 Poole Alley
Christianfurt, AL 65566",Y,hours
827,Suzanne King,861-94-4153,"60485 Hannah Causeway
Lopezhaven, SD 27605",Y,hours
828,Wanda Chavez,271-87-6223,"PSC 6534, Box 4908
APO AP 61176",Y,miles
829,Shane Douglas,277-07-7762,"USNS Johnson
FPO AE 03085",N,hours
830,Patrick Mitchell,439-43-0738,"399 Griffin Landing
South Vanessatown, NC 22759",N,hours
831,Virginia Murphy,304-34-7732,"Unit 2683 Box 0808
DPO AP 54462",N,hours
832,Michelle Lewis,493-07-6463,"792 Rachel Fork Suite 742
Evanstown, OR 54709",N,miles
833,William Sullivan,271-04-9956,"9453 Max Coves
Port Dakotamouth, CT 56463",N,miles
834,Amanda Carlson,561-58-5825,"26603 Kelly Brook Suite 690
Henryberg, DE 37718",Y,miles
835,Darrell Cortez,322-70-4925,"25591 Taylor Dale
Kellyfurt, MI 81277",N,miles
836,Anna Martin,576-01-9308,"6355 Whitehead Ways Apt. 612
Yangberg, LA 87434",N,hours
837,Sarah Nelson,696-82-9218,"9719 Avila Camp
New Alexander, CA 97122",N,hours
838,Brian Fox,472-17-1033,"2446 Young Flat Suite 711
Campbellside, MA 89889",N,hours
839,Joshua Blanchard,480-57-4404,"127 Charles Drive Suite 947
Mariatown, ME 19484",N,hours
840,Keith Knight,221-90-9125,"PSC 3012, Box 2429
APO AP 01766",Y,hours
841,Jeffrey Brown,749-27-0746,"Unit 8671 Box 9479
DPO AP 19687",N,miles
842,Caroline Lucas,822-66-1083,"23381 Martin Island
East Rachaelchester, MO 11211",N,miles
843,Jeff Jackson,126-27-4171,"0764 Walker Freeway
Elizabethfurt, ID 09090",Y,hours
844,Amanda George,509-62-3233,"Unit 3578 Box 1022
DPO AA 50530",Y,miles
845,Jennifer Townsend,752-53-5266,"54488 Jones Parkway Apt. 952
Simonmouth, FL 75628",N,miles
846,Rachel Robinson,269-30-1365,"5025 Jessica Lodge Suite 646
Bergerbury, CT 92494",Y,hours
847,Jessica Hill,222-13-2899,"810 Christina River
East Nicolemouth, MA 63015",N,miles
848,Carol Love,620-85-9083,"196 Hensley Centers Apt. 352
East Matthewbury, NJ 53728",Y,hours
849,Shirley Fisher,155-93-3202,"680 Munoz Oval Suite 058
Sheilafort, VA 33052",Y,miles
850,David Hernandez,872-72-3628,"9169 Martinez Pass
Jaredborough, MT 17098",Y,hours
851,Donna Flores,377-63-8104,"3773 John Square
East Suzanne, GU 11787",Y,hours
852,Tiffany Strong,814-90-0010,"9092 Mcclure Drive
North Jamesstad, WI 10248",Y,miles
853,Brandy Carney,209-98-3895,"5255 Mark Islands
East Marystad, NV 39187",Y,hours
854,Jean Marshall,524-03-8529,"4439 Martinez Burgs
Porterberg, VA 29716",Y,miles
855,Katherine Johnson,184-80-8705,"Unit 6457 Box 5741
DPO AE 40919",N,hours
856,Jessica Love,876-01-7689,"USNS Jackson
FPO AA 97832",N,hours
857,Katie Collins,115-18-6362,"720 Jose Turnpike
Ellenberg, HI 83277",Y,hours
858,Colleen Chapman DDS,257-22-4947,"01427 Sarah Parkways Apt. 703
Lake Jeffrey, MH 21356",Y,hours
859,Julie Ramos,029-12-3022,"07676 Juan Tunnel Suite 671
East Victoriaville, AS 16198",N,miles
860,David Simmons,238-75-3229,"12934 Hernandez Meadow Apt. 882
East Andrew, MN 96438",Y,miles
861,David Kerr,707-33-2871,"876 Daniel Locks
Port Lauren, NV 63697",N,hours
862,Rebecca Mack,284-08-5547,"47153 Erin Greens
New Randall, NV 70188",Y,miles
863,Lisa Chen,785-36-7882,"399 Leslie Stravenue Suite 316
Myerston, SD 50676",Y,hours
864,Jennifer Clarke,617-44-8043,"756 Brian Trail Suite 971
East Toni, AZ 10230",Y,hours
865,David Duffy,661-23-2624,"10201 Key Port
East Matthewport, VT 13513",Y,miles
866,Alec Cole,062-30-7710,"895 Johnson Lights
Kaylamouth, SC 43515",Y,hours
867,Cody Jones,678-74-5014,"8655 Jimenez Pike Suite 387
Emilyberg, WY 97358",N,miles
868,Lawrence Anderson,839-44-3704,"41345 Sheila Orchard
South Lisa, IL 77678",N,hours
869,Robert Wang,261-13-0422,"3387 Laura Dam
East Marialand, AR 53632",N,hours
870,Scott Stevens,257-08-3368,"9128 Peck Mission
Walkershire, MH 84286",Y,hours
871,Joseph Coleman,360-47-0874,"PSC 7507, Box 4104
APO AA 58665",N,hours
872,Katrina Green,832-92-1407,"90742 Jessica Lane
Rebekahside, MT 51632",N,hours
873,Carolyn Johnson,210-33-8203,"1960 Alyssa Ville
North Matthewhaven, AR 79992",Y,hours
874,Kimberly Escobar,398-80-8877,"21955 Little Radial
Parkerport, MS 41639",Y,hours
875,Crystal Novak,325-14-1515,"61685 Dustin Trail Suite 574
Bauerberg, OH 97350",Y,miles
876,Paul Jefferson,809-20-8580,"57375 Susan Track Apt. 359
Port Brendaburgh, PA 77197",Y,hours
877,Matthew Martinez,161-12-0620,"30275 Leon Orchard
Rollinsfort, CA 86826",N,miles
878,Brad Sharp,443-71-0925,"35596 Pamela Landing Apt. 985
Brandichester, HI 03153",Y,miles
879,April Santana,096-64-0942,"397 Sean Plaza
New Dustin, VT 14420",N,hours
880,Shelley Woods,345-77-1666,"Unit 3932 Box 4820
DPO AE 47467",Y,hours
881,Erica Dunn,726-71-8916,"82383 Kayla Views Suite 842
Curtisview, WI 98373",N,miles
882,Catherine Jones,287-35-5671,"USNS Ross
FPO AE 34172",N,miles
883,Derek West,455-50-4206,"7357 Nicholas Plains
Port Mariabury, FL 84451",Y,miles
884,Michelle Johnson,248-37-6689,"718 Morgan Springs
South Christopher, FM 82651",N,hours
885,Teresa Mckay,245-30-3097,"785 Daniel Points Apt. 748
West Mia, ME 41412",Y,miles
886,Marcus Mckinney,272-28-5827,"2573 Campbell Forges Suite 426
East Kimberlymouth, PW 12169",N,hours
887,Jonathan Copeland,155-55-6040,"598 Simpson Bridge
West Christy, NH 89482",N,hours
888,Vanessa Pearson,095-28-9313,"1527 Christian Drives Suite 369
New Laurenmouth, CO 68018",N,hours
889,Douglas Wallace,057-12-6813,"31349 Simon Mountain Suite 871
North Jamestown, MS 76549",Y,miles
890,Keith Briggs,587-77-6861,"652 April Walks
Wilsonstad, ND 74831",N,hours
891,Edwin Flores,730-91-6587,"8624 Thompson Islands Apt. 388
New Andrew, FM 34948",Y,miles
892,Dawn Kaiser,677-65-2935,"128 Christopher Roads
Klineberg, MP 83363",N,miles
893,Thomas Ruiz,470-02-3648,"8066 Burns Plains
West Jeffrey, OK 21576",Y,miles
894,Tracey Chavez,311-57-0674,"0219 Russell Expressway
Lauraside, PA 14120",N,miles
895,Darryl Huang,545-41-7899,"28394 Megan Oval
New Jessemouth, MH 62543",N,hours
896,Brian Smith,115-32-5584,"32755 Baker Bypass Apt. 836
Paulville, IN 58100",N,hours
897,Lori Bolton,050-53-2912,"74497 Gray Way Apt. 421
East Michellehaven, NV 35145",N,miles
898,Earl Price,323-94-2861,"39273 Mcmahon Highway Apt. 588
Lorraineshire, NE 22165",Y,miles
899,Raymond Mccarty,117-87-0679,"015 Jerome Ville Suite 461
Edwardsview, VT 21478",Y,hours
900,Jeremy Cook,408-21-1836,"87631 Phillip Circles Suite 988
Cruzbury, WV 70603",N,hours
901,Robert Simon,158-87-6612,"7118 William Hollow
Blankenshipstad, MS 58506",N,hours
902,Julia Marquez,066-84-1346,"88179 David Shores
Franklinshire, NE 56842",Y,hours
903,William Cunningham,422-61-2985,"107 Thomas Highway Suite 682
Port Matthew, AK 87650",N,hours
904,Mrs. Linda Cook,384-34-6193,"0464 Ryan Vista Apt. 027
Williamstad, GA 39178",N,miles
905,Taylor Daniel,048-73-6510,"79308 Myers Port
Michaelhaven, PW 91111",N,hours
906,Megan Calderon,786-17-8588,"27900 Shannon Harbors Suite 093
Kristopherchester, AR 94506",Y,hours
907,Lynn Coleman,338-51-6369,"23988 Amanda Shoals
Lake Jasonstad, NM 79899",N,miles
908,James Webb,855-19-4246,"0654 Frank Lock Apt. 260
Stephaniemouth, AS 90984",Y,hours
909,Robert Lawrence,740-72-1765,"871 Dixon Prairie
East Theresaberg, MP 20932",Y,hours
910,Laura Marshall,768-12-4563,"98082 Pierce Mount
West Robertborough, HI 34523",N,hours
911,Jamie Watson,819-15-3234,"783 Andre Coves
Port Amandaport, MA 38630",N,hours
912,Jordan Melton,588-59-5302,"82957 Miranda Key
Port Hollyhaven, OH 38414",N,hours
913,Mary Foley,757-90-3065,"02872 Gary Skyway Suite 826
East Tammyport, WI 06735",N,miles
914,Michael Nguyen,543-96-2399,"33525 Heidi Knolls
South Madelineport, VA 41672",N,miles
915,Kevin Frazier,717-63-7164,"324 Hughes Key
Smithmouth, MS 74532",Y,miles
916,Meghan Harvey,802-84-0498,"29745 Tammy Court Suite 153
Cooperton, VI 15800",N,miles
917,Donald Rivas,261-95-3545,"9514 Finley Crossroad Suite 323
Fischerhaven, MD 53259",Y,hours
918,Heather Stewart,753-21-8909,"4679 Mccoy Mountain Suite 709
New Angelahaven, GA 86803",N,miles
919,Jessica Wallace,103-80-3209,"PSC 9488, Box 1239
APO AA 74888",N,hours
920,Tonya Diaz,190-78-9267,"16669 Jones Viaduct Suite 693
Wardville, NY 12647",Y,miles
921,Aaron Smith,640-38-7879,"74628 Anna Curve Apt. 381
New Jackiehaven, CO 63799",N,miles
922,Luis Ramos,500-10-7065,"487 Troy Way
Carterville, AR 65707",N,miles
923,Tina Conway,292-76-9994,"USCGC Webb
FPO AA 76341",Y,hours
924,Emily Pollard DVM,084-32-7363,"456 Henderson Lock
East Emily, AK 68833",N,hours
925,Elaine Alvarado,405-91-0367,"866 Billy Wall
East Johnville, TN 09356",Y,miles
926,Nathan Roberts,542-73-5203,"264 Smith Cape Apt. 729
Greeneburgh, MN 52429",N,hours
927,Jason Lee,787-57-4634,"6571 Bowen Avenue
Jefferyport, MO 08351",Y,miles
928,David Guzman,491-82-3033,"911 James Land
North Gina, AL 08981",N,miles
929,Taylor Howe,577-65-9558,"09676 Rush Station Apt. 434
Evansstad, FM 36062",N,miles
930,Anna Bass,222-55-6888,"685 Harris Plains
East Amyfort, PW 24987",N,hours
931,Joshua Ali,522-49-2299,"08223 Earl Junctions
Hardychester, MO 87977",Y,miles
932,Shawn Clark,240-67-1802,"158 Adam Mill Apt. 717
Wagnerborough, FL 50073",N,hours
933,Kelsey Kelly,006-70-7466,"767 Nancy Park
Hallfort, PW 08852",Y,hours
934,Marcus Keller,091-90-2135,"90550 Mark Island Apt. 446
Adamsside, CT 64058",Y,miles
935,Brianna Callahan,598-39-5650,"780 John Lakes Suite 037
Stephanieville, ID 09876",Y,hours
936,Eileen Hill,145-92-3688,"5352 Gonzalez Pass Apt. 953
Gregorybury, MN 10920",Y,hours
937,Brianna Jackson,092-51-2012,"928 Tracy Island
Joannamouth, PW 48994",N,miles
938,Monica Willis,013-80-2125,"Unit 8851 Box 3677
DPO AP 26662",N,hours
939,Lucas Williams,813-73-2597,"6004 Cole Islands Apt. 397
Port Jim, UT 71631",Y,miles
940,Brandy Garcia,629-90-6706,"248 Park Brooks
Valdezville, CO 76544",N,hours
941,Joseph Estes,252-43-9035,"4035 April Trafficway
East Kari, MN 28748",N,miles
942,Richard Romero,380-26-8709,"PSC 3771, Box 3860
APO AP 94713",Y,hours
943,Jimmy Cannon,795-37-3648,"11132 Porter Corner Apt. 416
New Jonathan, AL 33900",Y,miles
944,Alan Thomas,063-17-3193,"34181 Cheryl Forges Suite 353
Ericaport, WY 29804",Y,miles
945,Jerry Phillips,511-11-6262,"2743 Isaac Locks Suite 294
Moramouth, MO 16521",Y,miles
946,Anna Thompson,008-37-5510,"60222 King Hills
Tamaraport, IL 62574",Y,hours
947,Nathan Leonard,092-30-2254,"56597 Taylor Neck Suite 174
New Charles, LA 88340",N,miles
948,Michael Clark,429-68-8271,"95057 Madeline Dam
Foleyborough, HI 20343",Y,miles
949,Madison Keller,785-80-1847,"45318 Harvey Key Apt. 112
West Richardton, SC 32848",N,hours
950,Zachary Gardner,361-18-1458,"Unit 6715 Box 7315
DPO AE 41007",Y,hours
951,Julia White,259-26-4999,"37461 William Camp Suite 063
Laurashire, MP 52315",Y,miles
952,Jeffrey Castaneda,850-50-3942,"5333 Joshua Station
East Jodihaven, KY 87899",N,miles
953,Rebekah Fowler,810-14-4957,"1035 Jose Mission Apt. 997
South Jessicamouth, KS 36214",N,miles
954,Brian Strong,561-20-0027,"65018 Potter Spur Apt. 076
Lake Amyton, IL 84562",Y,hours
955,Grace Herring,794-49-1470,"80171 Ramos Motorway Apt. 887
Smithside, NE 36208",N,miles
956,Pamela Smith,063-48-7259,"614 Robertson Village
Whiteview, ID 20723",Y,hours
957,Nicole Jones,743-61-9462,"869 Arnold Cape
Dennisstad, WY 87832",N,miles
958,Bradley Chan,303-44-6241,"83591 Barnes Mission
Kellyside, PW 32001",Y,miles
959,Mark Nguyen,144-58-8845,"Unit 1614 Box 7082
DPO AE 87805",Y,hours
960,Jacob Maldonado,773-85-5347,"092 Jennifer Light
Townsendville, NV 87060",N,hours
961,Kenneth Reyes,480-33-7954,"116 Gerald Walks Suite 191
Lawrenceland, VI 19142",N,miles
962,Julia Davis,367-43-4224,"17087 Michael Branch
Jonesmouth, UT 71773",N,miles
963,Sabrina Sanchez,649-90-7852,"182 Danielle Falls
West Christina, MT 56887",Y,miles
964,Kenneth Smith,574-16-0614,"284 Davidson Branch Suite 737
Ramirezborough, MI 94105",Y,hours
965,Gregory Walker,169-70-3836,"833 Brenda Trail
North Holly, MN 60416",N,hours
966,Michael Beard,895-55-7127,"460 Osborne Light Apt. 219
Stoneburgh, GU 98401",N,miles
967,Amanda Johnson,465-76-4582,"5733 Paula Cliff
Shelbyfurt, IL 44781",Y,hours
968,Keith Wilson,564-75-0178,"3164 Frank Ramp
West Bobby, AK 62687",Y,hours
969,Marcus Stanton,624-82-1399,"445 Massey Stravenue
East Jayton, IA 47889",N,miles
970,Vincent Smith,516-29-1584,"33045 Brandon Gardens
Lake Robert, LA 41315",Y,miles
971,Chad Salazar,365-25-0002,"9518 Christopher Ports Apt. 242
Weekschester, ME 86460",Y,hours
972,Madison Hayes,868-18-8650,"46448 Johnson Shore Apt. 391
Lake Jeanette, NC 08247",N,miles
973,Janice Morris,152-91-5363,"66266 Nelson Stravenue
North Rachelberg, HI 77891",N,miles
974,Kaitlyn Richard,459-34-3622,"184 Peterson Hollow Suite 481
Stevenburgh, KY 01385",N,hours
975,William Sutton,154-24-2256,"6153 Brown Dale
Larryland, MS 13868",N,hours
976,Robert Davis,055-19-1383,"725 Sanchez Isle Suite 401
Lake William, MP 24214",Y,hours
977,Holly Hamilton,311-38-2718,"841 Willie Rapid Suite 234
Lake Tyler, ND 95796",Y,hours
978,Edward Patterson,311-23-9781,"0171 Fisher Grove
Michaelland, OH 05180",N,hours
979,Christopher Webb,221-89-4347,"523 Hunt Square Suite 376
Tateburgh, VI 86738",Y,hours
980,Jennifer Anderson,143-55-2171,"52288 Michelle Roads Suite 104
Samanthafort, MS 79260",N,hours
981,John Cooley,119-48-8991,"57622 Santiago Alley
Phillipfurt, TX 83095",N,hours
982,Aaron Cardenas,775-25-3925,"912 Justin Pass Apt. 028
Listad, OH 42426",Y,hours
983,Christopher Williams,086-42-3479,"1667 Melissa Pines Suite 836
West Marissa, DE 32933",Y,miles
984,Melissa Richardson,013-19-3916,"3678 Samuel Cliffs
Lake Jessicaville, VI 33344",Y,hours
985,Carrie Kelley,874-49-4931,"23738 Williams Locks
Jacobfort, DC 42644",Y,hours
986,Theresa Torres,675-97-5163,"11393 Jeremy Estates
Salazarland, PR 97554",Y,hours
987,Susan Nelson,005-91-4532,"478 Charles Garden Suite 360
Bradleyport, MT 68994",Y,hours
988,Michael Roberts,345-54-8053,"40329 Jason Canyon
Stephanieburgh, MS 99736",N,hours
989,Mary Stephens,838-12-4510,"Unit 5307 Box 6706
DPO AE 47362",N,hours
990,Paul Richards,017-01-6894,"0779 Saunders Brooks Apt. 483
New Deanmouth, VT 86744",Y,hours
991,Dawn Bowman DVM,475-89-7493,"7166 Young Fall Suite 733
Powerstown, MN 04013",N,hours
992,Erin Espinoza,628-78-8494,"7344 Jones Canyon
North Shawna, GU 41850",Y,hours
993,Ms. Hannah Moody,520-27-2549,"873 Williams Lane Suite 177
Mullentown, NC 69606",N,hours
994,Brandon Wilson,649-86-7323,"3442 Wilson Ports Apt. 372
Williamsport, SC 24126",Y,hours
995,Jorge Ramirez,496-29-0786,"3712 Elizabeth Centers Apt. 419
Simpsonfort, CT 23302",N,hours
996,Maria Washington,786-34-7060,"USS White
FPO AP 34895",Y,miles
997,Ethan Chen,244-32-1831,"047 Abigail Fort
South Kimberly, IA 38510",Y,miles
998,Dr. Michael Lin DVM,167-61-7931,"7736 Lopez Extensions Suite 804
East Kariton, AK 33606",N,miles
999,Ana Daniel,302-91-5921,"PSC 2342, Box 9481
APO AE 17147",Y,hours
1000,Margaret Branch,149-52-3150,"45234 Smith Trail
Lake Lucas, SC 89398",Y,hours
1001,Brendan Freeman,706-73-1727,"88372 Michael Burgs Apt. 328
Mollyside, GU 70179",N,hours
1002,Robert Oconnor,613-08-5995,"65431 Michael Haven Apt. 829
Fergusonborough, NH 46632",Y,hours
1003,Wendy Vaughn,383-86-6932,"47509 Campbell Forest
Port Danielleport, MO 72727",N,hours
1004,Penny Stevens,222-64-3258,"USNV Goodman
FPO AA 89624",Y,miles
1005,Shaun Oliver DDS,120-23-9387,"480 Ryan Mountain Apt. 987
Alexside, PW 66711",N,miles
1006,Eric Moore,302-07-3001,"14897 Petty Court
Duanemouth, MT 19565",N,hours
1007,Gabrielle Weber,373-48-0252,"Unit 9277 Box 7656
DPO AA 56766",Y,miles
1008,Karen Shea,498-48-1772,"9345 Jason Isle Suite 992
Jenniferville, NC 22035",Y,hours
1009,Dr. Alexandra Moore,700-09-9606,"2504 Ballard Pine
Claudiaville, FM 10013",N,miles
